ID,Label,Definition,Type,Parent Class,PROMOT Cross-reference,Associated Phenotype (URI),Associated Phenotype (label),Assesses Phenotype (URI),Assesses Phenotype (label),Assesses Function (URI),Assesses Function (label),Captures Data About (URI),Captures Data About (label),Associated Function (URI),Associated Function (label),Involved In (URI),Involved In (label),Located In (URI),Located In (label)
ID,LABEL,A IAO:0000115,TYPE,SC %,A oboInOwl:hasDbXref,A nmdo:associated_phenotype SPLIT=|,A nmdo:associated_phenotype_label SPLIT=|,A nmdo:assesses_phenotype SPLIT=|,A nmdo:assesses_phenotype_label SPLIT=|,A nmdo:assesses_function SPLIT=|,A nmdo:assesses_function_label SPLIT=|,A nmdo:captures_data_about SPLIT=|,A nmdo:captures_data_about_label SPLIT=|,A nmdo:associated_function SPLIT=|,A nmdo:associated_function_label SPLIT=|,A nmdo:involved_in SPLIT=|,A nmdo:involved_in_label SPLIT=|,A nmdo:located_in SPLIT=|,A nmdo:located_in_label SPLIT=|
http://id.who.int/icd/entity/1019379329,Structure of upper extremity,,owl:Class,http://id.who.int/icd/entity/644658903,http://id.who.int/icd/entity/1019379329,"","","","","","","","","","","","","",""
http://id.who.int/icd/entity/1034220517,Alternative vocalization functions,Functions of the production of other manners of vocalization.,owl:Class,http://id.who.int/icd/entity/388067588,http://id.who.int/icd/entity/1034220517,http://snomed.info/id/84100007|http://snomed.info/id/84100007|http://snomed.info/id/84100007|http://snomed.info/id/84100007,"Clinical interview|History taking|History taking, health|Taking health history","","","","","","","","",http://id.who.int/icd/entity/151046878,Speaking,"",""
http://id.who.int/icd/entity/1041382491,Oral swallowing,Function of clearing substances through the oral cavity at an appropriate rate and speed.,owl:Class,http://id.who.int/icd/entity/923782542,http://id.who.int/icd/entity/1041382491,"","","","","","","","","","","","","",""
http://id.who.int/icd/entity/1065560247,Pain in stomach or abdomen,Sensation of unpleasant feeling indicating potential or actual damage to some body structure felt in the stomach or abdomen.,owl:Class,http://id.who.int/icd/entity/577558794,http://id.who.int/icd/entity/1065560247,http://snomed.info/id/84100007|http://snomed.info/id/84100007|http://snomed.info/id/84100007|http://snomed.info/id/84100007,"Clinical interview|History taking|History taking, health|Taking health history","","","","","","","","","","","",""
http://id.who.int/icd/entity/1083127119,Functions of coughing,,owl:Class,http://id.who.int/icd/entity/1682107878,http://id.who.int/icd/entity/1083127119,http://snomed.info/id/12894003,Functional assessment,"","","","","","","","","","","",""
http://id.who.int/icd/entity/1090716697,Functions of external muscles of the eye,"Functions of the muscles that are used to look in different directions, to follow an object as it moves across the visual field, to produce saccadic jumps to catch up with a moving target, and to fix the eye.",owl:Class,http://id.who.int/icd/entity/2031311308,http://id.who.int/icd/entity/1090716697,http://snomed.info/id/12894003,Functional assessment,"","","","","","","","","","","",""
http://id.who.int/icd/entity/1104062484,Pubertal functions,Functions associated with the onset of puberty and manifestations of primary and secondary sexual characteristics.,owl:Class,http://id.who.int/icd/entity/925451085,http://id.who.int/icd/entity/1104062484,"","","","","","","","","","","","","",""
http://id.who.int/icd/entity/1108927576,Structure of shoulder region,,owl:Class,http://id.who.int/icd/entity/644658903,http://id.who.int/icd/entity/1108927576,"","","","","","","","","","","","","",""
http://id.who.int/icd/entity/1109440237,Speed of speech,Functions of the rate of speech production.,owl:Class,http://id.who.int/icd/entity/213697684,http://id.who.int/icd/entity/1109440237,"","","","","","","","","","","","","",""
http://id.who.int/icd/entity/1110269994,distal,,owl:Class,http://id.who.int/icd/entity/437219407,http://id.who.int/icd/entity/1110269994,"","","","","","","","","","","","","",""
http://id.who.int/icd/entity/1119392889,Transferring oneself,"Moving from one surface to another, such as sliding along a bench or moving from a bed to a chair, without changing body position.",owl:Class,http://id.who.int/icd/entity/1266389839,http://id.who.int/icd/entity/1119392889,"","","","","","","","","","","","","",""
http://id.who.int/icd/entity/1131514421,Maintaining body position,"Staying in the same body position as required, such as remaining seated or remaining standing for carrying out a task, in play, work or school.",owl:Class,http://id.who.int/icd/entity/1266389839,http://id.who.int/icd/entity/1131514421,"","","","","","","","","","","","","",""
http://id.who.int/icd/entity/1134562249,Functions of the joints and bones,,owl:Class,http://id.who.int/icd/entity/161488596,http://id.who.int/icd/entity/1134562249,"","","","","","","","","","","","","",""
http://id.who.int/icd/entity/1164313611,Muscle functions,,owl:Class,http://id.who.int/icd/entity/161488596,http://id.who.int/icd/entity/1164313611,"","","","","","","","","","","","","",""
http://id.who.int/icd/entity/117147127,Pain in chest,Sensation of unpleasant feeling indicating potential or actual damage to some body structure felt in the chest.,owl:Class,http://id.who.int/icd/entity/577558794,http://id.who.int/icd/entity/117147127,http://snomed.info/id/84100007|http://snomed.info/id/84100007|http://snomed.info/id/84100007|http://snomed.info/id/84100007,"Clinical interview|History taking|History taking, health|Taking health history","","","","","","","","","","","",""
http://id.who.int/icd/entity/1174312718,Manipulation of food in the mouth,Functions of moving food around the mouth with the teeth and tongue.,owl:Class,http://id.who.int/icd/entity/363211474,http://id.who.int/icd/entity/1174312718,http://snomed.info/id/840297006|http://snomed.info/id/840297006,Assessment of PROMs (patient reported outcome measures)|Assessment of patient reported outcome measures,"","","","","","","","",http://id.who.int/icd/entity/1328675264,Eating,"",""
http://id.who.int/icd/entity/1182439715,Cervical vertebral column,,owl:Class,http://id.who.int/icd/entity/341679012,http://id.who.int/icd/entity/1182439715,http://purl.obolibrary.org/obo/HP_0002751|http://purl.obolibrary.org/obo/HP_0003306|http://purl.obolibrary.org/obo/HP_0003307,Kyphoscoliosis|Spinal rigidity|Hyperlordosis,"","","","","","","","","","","",""
http://id.who.int/icd/entity/1228414013,General tasks and demands,"This chapter is about general aspects of carrying out single or multiple tasks, organizing routines and handling stress. These items can be used in conjunction with more specific tasks or actions to identify the underlying features of the execution of tasks under different circumstances.",owl:Class,http://purl.obolibrary.org/obo/PROMOT_0120002,http://id.who.int/icd/entity/1228414013,"","","","","","","","","","","","","",""
http://id.who.int/icd/entity/1233939003,Muscles of hand,,owl:Class,http://id.who.int/icd/entity/142318995,http://id.who.int/icd/entity/1233939003,http://purl.obolibrary.org/obo/HP_0003392|http://purl.obolibrary.org/obo/HP_0003427|http://purl.obolibrary.org/obo/HP_0003810|http://purl.obolibrary.org/obo/HP_0008959|http://purl.obolibrary.org/obo/HP_0009005|http://purl.obolibrary.org/obo/HP_0009028|http://purl.obolibrary.org/obo/HP_0009063|http://purl.obolibrary.org/obo/HP_0009077|http://purl.obolibrary.org/obo/HP_0030198|http://purl.obolibrary.org/obo/HP_0031177|http://purl.obolibrary.org/obo/HP_0033466,First dorsal interossei muscle weakness|Thenar muscle weakness|Late-onset distal muscle weakness|Distal upper limb muscle weakness|Weakness of the intrinsic hand muscles|Generalized weakness of limb muscles|Progressive distal muscle weakness|Weakness of long finger extensor muscles|Fatigable weakness of distal limb muscles|Finger flexor weakness|Weak grip,"","","","","","",http://id.who.int/icd/entity/1521707777|http://id.who.int/icd/entity/1789365017,Endurance of muscle groups|Power of isolated muscles and muscle groups,"","","",""
http://id.who.int/icd/entity/1255154286,Hearing and vestibular functions,,owl:Class,http://id.who.int/icd/entity/1916167881,http://id.who.int/icd/entity/1255154286,"","","","","","","","","","","","","",""
http://id.who.int/icd/entity/1264948861,Stability of joint functions,Functions of the maintenance of structural integrity of the joints.,owl:Class,http://id.who.int/icd/entity/1134562249,http://id.who.int/icd/entity/1264948861,"","","","","","","","","","","","","",""
http://id.who.int/icd/entity/1266389839,Changing and maintaining body position,,owl:Class,http://id.who.int/icd/entity/2048203604,http://id.who.int/icd/entity/1266389839,"","","","","","","","","","","","","",""
http://id.who.int/icd/entity/1278239861,Muscles of ankle and foot,,owl:Class,http://id.who.int/icd/entity/933576740,http://id.who.int/icd/entity/1278239861,http://purl.obolibrary.org/obo/HP_0001761|http://purl.obolibrary.org/obo/HP_0003810|http://purl.obolibrary.org/obo/HP_0009027|http://purl.obolibrary.org/obo/HP_0009028|http://purl.obolibrary.org/obo/HP_0009053|http://purl.obolibrary.org/obo/HP_0009063|http://purl.obolibrary.org/obo/HP_0030198|http://purl.obolibrary.org/obo/HP_0031374,Pes cavus|Late-onset distal muscle weakness|Foot dorsiflexor weakness|Generalized weakness of limb muscles|Distal lower limb muscle weakness|Progressive distal muscle weakness|Fatigable weakness of distal limb muscles|Ankle weakness,"","","","","","",http://id.who.int/icd/entity/1521707777|http://id.who.int/icd/entity/1789365017,Endurance of muscle groups|Power of isolated muscles and muscle groups,"","","",""
http://id.who.int/icd/entity/1299345975,Pain in upper limb,"Sensation of unpleasant feeling indicating potential or actual damage to some body structure felt in either one or both upper limbs, including hands.",owl:Class,http://id.who.int/icd/entity/577558794,http://id.who.int/icd/entity/1299345975,http://snomed.info/id/84100007|http://snomed.info/id/84100007|http://snomed.info/id/84100007|http://snomed.info/id/84100007,"Clinical interview|History taking|History taking, health|Taking health history","","","","","","","","","","","",""
http://id.who.int/icd/entity/1302007745,Endurance of isolated muscles,Functions related to sustaining muscle contraction of isolated muscles for the required period of time.,owl:Class,http://id.who.int/icd/entity/389047611,http://id.who.int/icd/entity/1302007745,"","","","","","","","","","","","","",""
http://id.who.int/icd/entity/1328466963,Gait pattern functions,"Functions of movement patterns associated with walking, running or other whole body movements.",owl:Class,http://id.who.int/icd/entity/627064928,http://id.who.int/icd/entity/1328466963,http://snomed.info/id/12894003,Functional assessment,"","","","","","","","",http://id.who.int/icd/entity/1550548595|http://id.who.int/icd/entity/1550548595|http://id.who.int/icd/entity/412494151,Walking|Walking on different surfaces|Running,"",""
http://id.who.int/icd/entity/1328675264,Eating,"Carrying out the coordinated tasks and actions of eating food that has been served, bringing it to the mouth and consuming it in culturally acceptable ways, cutting or breaking food into pieces, opening containers and packets, using eating implements, having meals, feasting or dining.",owl:Class,http://id.who.int/icd/entity/1608009360,http://id.who.int/icd/entity/1328675264,http://snomed.info/id/840297006|http://snomed.info/id/840297006,Assessment of PROMs (patient reported outcome measures)|Assessment of patient reported outcome measures,"","","","","","","","","","","",""
http://id.who.int/icd/entity/1334556216,Walking and Moving,,owl:Class,http://id.who.int/icd/entity/2048203604,http://id.who.int/icd/entity/1334556216,"","","","","","","","","","","","","",""
http://id.who.int/icd/entity/134464731,Specific mental functions,,owl:Class,http://id.who.int/icd/entity/1363559646,http://id.who.int/icd/entity/134464731,"","","","","","","","","","","","","",""
http://id.who.int/icd/entity/1360101629,Respiratory muscle functions,Functions of the muscles involved in breathing.,owl:Class,http://id.who.int/icd/entity/744367503,http://id.who.int/icd/entity/1360101629,http://snomed.info/id/12894003,Functional assessment,"","","","","","","","","","","",""
http://id.who.int/icd/entity/1363559646,Mental functions,"This chapter is about the functions of the brain: both global mental functions, such as consciousness, energy and drive, and specific mental functions, such as memory, language and calculation mental functions.",owl:Class,http://id.who.int/icd/entity/567313968,http://id.who.int/icd/entity/1363559646,http://snomed.info/id/84100007|http://snomed.info/id/84100007|http://snomed.info/id/84100007|http://snomed.info/id/84100007,"Clinical interview|History taking|History taking, health|Taking health history","","","","","","","","","","","",""
http://id.who.int/icd/entity/1364393443,Thoracic vertebral column,,owl:Class,http://id.who.int/icd/entity/341679012,http://id.who.int/icd/entity/1364393443,http://purl.obolibrary.org/obo/HP_0002751|http://purl.obolibrary.org/obo/HP_0003306,Kyphoscoliosis|Spinal rigidity,"","","","","","","","","","","",""
http://id.who.int/icd/entity/1389818830,Chewing,"Functions of crushing, grinding and masticating food with the back teeth (e.g. molars).",owl:Class,http://id.who.int/icd/entity/363211474,http://id.who.int/icd/entity/1389818830,http://snomed.info/id/840297006|http://snomed.info/id/840297006,Assessment of PROMs (patient reported outcome measures)|Assessment of patient reported outcome measures,"","","","","","","","",http://id.who.int/icd/entity/1328675264,Eating,"",""
http://id.who.int/icd/entity/1398348540,Looking after one's health,"Ensuring physical comfort, health and physical and mental well-being, such as by maintaining a balanced diet, and an appropriate level of physical activity, keeping warm or cool, avoiding harms to health, following safe sex practices, such as using condoms, getting immunizations and regular physical examinations.",owl:Class,http://id.who.int/icd/entity/1608009360,http://id.who.int/icd/entity/1398348540,"","","","","","","","","","","","","",""
http://id.who.int/icd/entity/1399000785,Contraction force of ventricular muscles,Functions related to the amount of blood pumped by the ventricular muscles during every beat.,owl:Class,http://id.who.int/icd/entity/222589883,http://id.who.int/icd/entity/1399000785,http://snomed.info/id/84100007|http://snomed.info/id/84100007|http://snomed.info/id/84100007|http://snomed.info/id/84100007,"Clinical interview|History taking|History taking, health|Taking health history","","","","","","","","","","","",""
http://id.who.int/icd/entity/1401748164,Hip joint,,owl:Class,http://id.who.int/icd/entity/435521956,http://id.who.int/icd/entity/1401748164,http://purl.obolibrary.org/obo/HP_0001374,Congenital hip dislocation,"","","","","","",http://id.who.int/icd/entity/1748092144,Stability of a single joint,"","","",""
http://id.who.int/icd/entity/1405368356,Sensations related to muscles and movement functions,Sensations associated with the muscles or muscle groups of the body and their movement.,owl:Class,http://id.who.int/icd/entity/627064928,http://id.who.int/icd/entity/1405368356,http://snomed.info/id/84100007|http://snomed.info/id/84100007|http://snomed.info/id/84100007|http://snomed.info/id/84100007,"Clinical interview|History taking|History taking, health|Taking health history","","","","","","","","","","","",""
http://id.who.int/icd/entity/1419635799,Structures of the nervous system,,owl:Class,http://id.who.int/icd/entity/1626363729,http://id.who.int/icd/entity/1419635799,"","","","","","","","","","","","","",""
http://id.who.int/icd/entity/142318995,Structure of hand,,owl:Class,http://id.who.int/icd/entity/1019379329,http://id.who.int/icd/entity/142318995,"","","","","","","","","","","","","",""
http://id.who.int/icd/entity/1426392298,proximal,,owl:Class,http://id.who.int/icd/entity/437219407,http://id.who.int/icd/entity/1426392298,"","","","","","","","","","","","","",""
http://id.who.int/icd/entity/1426641453,Melody of speech,Functions of modulation of pitch patterns in speech.,owl:Class,http://id.who.int/icd/entity/213697684,http://id.who.int/icd/entity/1426641453,"","","","","","","","","","","","","",""
http://id.who.int/icd/entity/1434015402,Stretch motor reflex,Functions of involuntary contractions of muscles automatically induced by stretching.,owl:Class,http://id.who.int/icd/entity/1777008610,http://id.who.int/icd/entity/1434015402,http://snomed.info/id/84100007|http://snomed.info/id/84100007|http://snomed.info/id/84100007|http://snomed.info/id/84100007,"Clinical interview|History taking|History taking, health|Taking health history","","","","","","","","","","","",""
http://id.who.int/icd/entity/1436113794,"Community, social and civic life","This chapter is about the actions and tasks required to engage in organized social life outside the family, in community, social and civic areas of life.",owl:Class,http://purl.obolibrary.org/obo/PROMOT_0120002,http://id.who.int/icd/entity/1436113794,"","","","","","","","","","","","","",""
http://id.who.int/icd/entity/1438965984,Additional musculoskeletal structures related to movement,,owl:Class,http://id.who.int/icd/entity/644658903,http://id.who.int/icd/entity/1438965984,"","","","","","","","","","","","","",""
http://id.who.int/icd/entity/1452836727,Household tasks,,owl:Class,http://id.who.int/icd/entity/1535125568,http://id.who.int/icd/entity/1452836727,"","","","","","","","","","","","","",""
http://id.who.int/icd/entity/1462755743,Standing,"Getting into and out of a standing position or changing body position from standing to any other position, such as lying down or sitting down.",owl:Class,http://id.who.int/icd/entity/150502901,http://id.who.int/icd/entity/1462755743,"","","","","","","","","","","","","",""
http://id.who.int/icd/entity/1470583183,Functions of breathing through the mouth,,owl:Class,http://id.who.int/icd/entity/1682107878,http://id.who.int/icd/entity/1470583183,http://snomed.info/id/12894003,Functional assessment,"","","","","","","","","","","",""
http://id.who.int/icd/entity/1474003417,Maintaining head position,Controlling the position of the head and supporting its weight for a determined period of time.,owl:Class,http://id.who.int/icd/entity/1131514421,http://id.who.int/icd/entity/1474003417,http://snomed.info/id/84100007|http://snomed.info/id/84100007|http://snomed.info/id/84100007|http://snomed.info/id/84100007,"Clinical interview|History taking|History taking, health|Taking health history","","","","","","","","","","","",""
http://id.who.int/icd/entity/150502901,Changing basic body position,"Getting into and out of a body position and moving from one location to another, such as getting up out of a chair to lie down on a bed, and getting into and out of positions of sitting, standing, kneeling or squatting.",owl:Class,http://id.who.int/icd/entity/1266389839,http://id.who.int/icd/entity/150502901,http://snomed.info/id/84100007|http://snomed.info/id/84100007|http://snomed.info/id/84100007|http://snomed.info/id/84100007,"Clinical interview|History taking|History taking, health|Taking health history","","","","","","","","","","","",""
http://id.who.int/icd/entity/151046878,Speaking,"Producing words, phrases and longer passages in spoken messages with literal and implied meaning, such as expressing a fact or telling a story in oral language.",owl:Class,http://id.who.int/icd/entity/909196092,http://id.who.int/icd/entity/151046878,http://snomed.info/id/84100007|http://snomed.info/id/84100007|http://snomed.info/id/84100007|http://snomed.info/id/84100007,"Clinical interview|History taking|History taking, health|Taking health history","","","","","","","","","","","",""
http://id.who.int/icd/entity/1515853559,Pain in lower limb,"Sensation of unpleasant feeling indicating potential or actual damage to some body structure felt in either one or both lower limbs, including feet.",owl:Class,http://id.who.int/icd/entity/577558794,http://id.who.int/icd/entity/1515853559,http://snomed.info/id/84100007|http://snomed.info/id/84100007|http://snomed.info/id/84100007|http://snomed.info/id/84100007,"Clinical interview|History taking|History taking, health|Taking health history","","","","","","","","","","","",""
http://id.who.int/icd/entity/1521707777,Endurance of muscle groups,Functions related to sustaining muscle contraction of isolated muscle groups for the required period of time.,owl:Class,http://id.who.int/icd/entity/389047611,http://id.who.int/icd/entity/1521707777,http://snomed.info/id/12894003,Functional assessment,"","","","","","","","","","","",""
http://id.who.int/icd/entity/1525383756,Intellectual functions,"General mental functions, required to understand and constructively integrate the various mental functions including all cognitive functions and their development over the life span.",owl:Class,http://id.who.int/icd/entity/882590883,http://id.who.int/icd/entity/1525383756,"","","","","","","","","","","","","",""
http://id.who.int/icd/entity/1528299701,Ligaments and fasciae of ankle and foot,,owl:Class,http://id.who.int/icd/entity/933576740,http://id.who.int/icd/entity/1528299701,http://purl.obolibrary.org/obo/HP_0001761,Pes cavus,"","","","","","","","","","","",""
http://id.who.int/icd/entity/1535125568,Domestic life,"This chapter is about carrying out domestic and everyday actions and tasks. Areas of domestic life include caring for one's belongings and space, acquiring food, clothing and other necessities, household cleaning and repairing, caring for personal and other household objects, and assisting others.",owl:Class,http://purl.obolibrary.org/obo/PROMOT_0120002,http://id.who.int/icd/entity/1535125568,"","","","","","","","","","","","","",""
http://id.who.int/icd/entity/1550548595,Walking,"Moving along a surface on foot, step by step, so that one foot is always on the ground, such as when strolling, sauntering, walking forwards, backwards, or sideways.",owl:Class,http://id.who.int/icd/entity/1334556216,http://id.who.int/icd/entity/1550548595,"","","","","","","","","","","","","",""
http://id.who.int/icd/entity/1571232890,Intercostal muscles,,owl:Class,http://id.who.int/icd/entity/495844982,http://id.who.int/icd/entity/1571232890,http://purl.obolibrary.org/obo/HP_0003327|http://purl.obolibrary.org/obo/HP_0004878|http://purl.obolibrary.org/obo/PROMOT_0032019,Axial muscle weakness|Intercostal muscle weakness|Fatigable weakness of axial muscles,"","","","","","",http://id.who.int/icd/entity/556694745,Power of muscles of the trunk,"","","",""
http://id.who.int/icd/entity/1580195090,Digestive functions,"Functions of transporting food through the gastrointestinal tract, breakdown of food and absorption of nutrients.",owl:Class,http://id.who.int/icd/entity/1976873960,http://id.who.int/icd/entity/1580195090,"","","","","","","","","","","","","",""
http://id.who.int/icd/entity/1607952955,Vestibular functions,"Sensory functions of the inner ear related to position, balance and movement.",owl:Class,http://id.who.int/icd/entity/1255154286,http://id.who.int/icd/entity/1607952955,"","","","","","","","","","","","","",""
http://id.who.int/icd/entity/1608009360,Self-care,"This chapter is about caring for oneself, washing and drying oneself, caring for one's body and body parts, dressing, eating and drinking, and looking after one's health.",owl:Class,http://purl.obolibrary.org/obo/PROMOT_0120002,http://id.who.int/icd/entity/1608009360,"","","","","","","","","","","","","",""
http://id.who.int/icd/entity/161488596,Neuromusculoskeletal and movement-related functions,"This chapter is about the functions of movement and mobility, including functions of joints, bones, reflexes and muscles.",owl:Class,http://id.who.int/icd/entity/567313968,http://id.who.int/icd/entity/161488596,"","","","","","","","","","","","","",""
http://id.who.int/icd/entity/161781738,left,,owl:Class,http://id.who.int/icd/entity/437219407,http://id.who.int/icd/entity/161781738,"","","","","","","","","","","","","",""
http://id.who.int/icd/entity/1626363729,Body structures,"Body structures are anatomical parts of the body such as organs, limbs and their components.
Impairments are problems in body function or structure as a significant deviation or loss.
First qualifier
Generic qualifier with the negative scale, used to indicate the extent or an impairment:",owl:Class,http://purl.obolibrary.org/obo/BFO_0000028,http://id.who.int/icd/entity/1626363729,"","","","","","","","","","",http://id.who.int/icd/entity/567313968,Body functions,"",""
http://id.who.int/icd/entity/1632143254,not specified,,owl:Class,http://id.who.int/icd/entity/437219407,http://id.who.int/icd/entity/1632143254,"","","","","","","","","","","","","",""
http://id.who.int/icd/entity/1650503157,Bones of ankle and foot,,owl:Class,http://id.who.int/icd/entity/933576740,http://id.who.int/icd/entity/1650503157,http://purl.obolibrary.org/obo/HP_0001761,Pes cavus,"","","","","","","","","","","",""
http://id.who.int/icd/entity/1674298945,Endurance of all muscles of the body,Functions related to sustaining muscle contraction of all muscles of the body for the required period of time.,owl:Class,http://id.who.int/icd/entity/389047611,http://id.who.int/icd/entity/1674298945,http://snomed.info/id/84100007|http://snomed.info/id/84100007|http://snomed.info/id/84100007|http://snomed.info/id/84100007,"Clinical interview|History taking|History taking, health|Taking health history","","","","","","","","","","","",""
http://id.who.int/icd/entity/1682107878,Additional functions of the respiratory system,"Additional functions related to breathing, such as producing and transporting secretion, coughing, sneezing and yawning.",owl:Class,http://id.who.int/icd/entity/773343048,http://id.who.int/icd/entity/1682107878,"","","","","","","","","","","","","",""
http://id.who.int/icd/entity/169456190,Joints of head and neck region,,owl:Class,http://id.who.int/icd/entity/436620656,http://id.who.int/icd/entity/169456190,http://purl.obolibrary.org/obo/HP_0003306,Spinal rigidity,"","","","","","",http://id.who.int/icd/entity/248265067,Mobility of joint functions,"","","",""
http://id.who.int/icd/entity/1747603619,Lumbar vertebral column,,owl:Class,http://id.who.int/icd/entity/341679012,http://id.who.int/icd/entity/1747603619,http://purl.obolibrary.org/obo/HP_0002751|http://purl.obolibrary.org/obo/HP_0003306|http://purl.obolibrary.org/obo/HP_0003307,Kyphoscoliosis|Spinal rigidity|Hyperlordosis,"","","","","","","","","","","",""
http://id.who.int/icd/entity/1748092144,Stability of a single joint,Functions of the maintenance of structural integrity of one joint.,owl:Class,http://id.who.int/icd/entity/1264948861,http://id.who.int/icd/entity/1748092144,http://snomed.info/id/84100007|http://snomed.info/id/84100007|http://snomed.info/id/84100007|http://snomed.info/id/84100007,"Clinical interview|History taking|History taking, health|Taking health history","","","","","","","","","","","",""
http://id.who.int/icd/entity/1754034822,Structure of mouth,,owl:Class,http://id.who.int/icd/entity/2060264919,http://id.who.int/icd/entity/1754034822,"","","","","","","","","","","","","",""
http://id.who.int/icd/entity/1757783224,Mobility of several joints,Functions of the range and ease of movement of more than one joint.,owl:Class,http://id.who.int/icd/entity/248265067,http://id.who.int/icd/entity/1757783224,"","","","","","","","","","","","","",""
http://id.who.int/icd/entity/1777008610,Motor reflex functions,Functions of involuntary contraction of muscles automatically induced by specific stimuli.,owl:Class,http://id.who.int/icd/entity/627064928,http://id.who.int/icd/entity/1777008610,"","","","","","","","","","","","","",""
http://id.who.int/icd/entity/1780196241,Heart rhythm,Functions related to the regularity of the beating of the heart.,owl:Class,http://id.who.int/icd/entity/222589883,http://id.who.int/icd/entity/1780196241,http://snomed.info/id/84100007|http://snomed.info/id/84100007|http://snomed.info/id/84100007|http://snomed.info/id/84100007,"Clinical interview|History taking|History taking, health|Taking health history","","","","","","","","","","","",""
http://id.who.int/icd/entity/178625206,Thoracic cage,,owl:Class,http://id.who.int/icd/entity/829058183,http://id.who.int/icd/entity/178625206,http://purl.obolibrary.org/obo/HP_0000767|http://purl.obolibrary.org/obo/HP_0000768|http://purl.obolibrary.org/obo/HP_0000774|http://purl.obolibrary.org/obo/HP_0000886|http://purl.obolibrary.org/obo/HP_0000886|http://purl.obolibrary.org/obo/HP_6000327,Pectus excavatum|Pectus carinatum|Narrow chest|Deformed rib cage|Deformed rib cage |Thoracic cage flatness,"","","","","","","","","","","",""
http://id.who.int/icd/entity/1789365017,Power of isolated muscles and muscle groups,Functions related to the force generated by the contraction of specific and isolated muscles and muscle groups.,owl:Class,http://id.who.int/icd/entity/274570113,http://id.who.int/icd/entity/1789365017,http://snomed.info/id/12894003,Functional assessment,"","","","","","","","","","","",""
http://id.who.int/icd/entity/1794398084,Muscles of thigh,,owl:Class,http://id.who.int/icd/entity/435521956,http://id.who.int/icd/entity/1794398084,http://purl.obolibrary.org/obo/HP_0003694|http://purl.obolibrary.org/obo/HP_0003731|http://purl.obolibrary.org/obo/HP_0007340|http://purl.obolibrary.org/obo/HP_0009028|http://purl.obolibrary.org/obo/HP_0009073|http://purl.obolibrary.org/obo/HP_0012515|http://purl.obolibrary.org/obo/HP_0030200|http://purl.obolibrary.org/obo/HP_0030200|http://purl.obolibrary.org/obo/HP_0033416,Late-onset proximal muscle weakness|Quadriceps muscle weakness|Lower limb muscle weakness|Generalized weakness of limb muscles|Progressive proximal muscle weakness|Hip flexor weakness|Fatiguable weakness of proximal limb muscles|Fatiguable weakness of proximal limb muscles |Hip adductor weakness,"","","","","","",http://id.who.int/icd/entity/1521707777|http://id.who.int/icd/entity/1789365017,Endurance of muscle groups|Power of isolated muscles and muscle groups,"","","",""
http://id.who.int/icd/entity/1806589582,Biting,"Functions of cutting into, piercing or tearing off food with the front teeth.",owl:Class,http://id.who.int/icd/entity/363211474,http://id.who.int/icd/entity/1806589582,http://snomed.info/id/84100007|http://snomed.info/id/84100007|http://snomed.info/id/84100007|http://snomed.info/id/84100007,"Clinical interview|History taking|History taking, health|Taking health history","","","","","","","","",http://id.who.int/icd/entity/1328675264,Eating,"",""
http://id.who.int/icd/entity/1811133755,Mental functions of language,"Specific mental functions of recognizing and using signs, symbols and other components of a language.",owl:Class,http://id.who.int/icd/entity/134464731,http://id.who.int/icd/entity/1811133755,"","","","","","","","","","","","","",""
http://id.who.int/icd/entity/1819639191,Reception of language,"Specific mental functions of decoding messages in spoken, written or other forms, such as sign language, to obtain their meaning.",owl:Class,http://id.who.int/icd/entity/1811133755,http://id.who.int/icd/entity/1819639191,"","","","","","","","","","","","","",""
http://id.who.int/icd/entity/1820174762,back,,owl:Class,http://id.who.int/icd/entity/437219407,http://id.who.int/icd/entity/1820174762,"","","","","","","","","","","","","",""
http://id.who.int/icd/entity/1828012543,Communication,"This chapter is about general and specific features of communicating by language, signs and symbols, including receiving and producing messages, carrying on conversations, and using communication devices and techniques.",owl:Class,http://purl.obolibrary.org/obo/PROMOT_0110001,http://id.who.int/icd/entity/1828012543,"","","","","","","","","","","","","",""
http://id.who.int/icd/entity/1831985718,Vestibular function of balance,Sensory functions of the inner ear related to determining the balance of the body.,owl:Class,http://id.who.int/icd/entity/1607952955,http://id.who.int/icd/entity/1831985718,http://snomed.info/id/12894003,Functional assessment,"","","","","","","","",http://id.who.int/icd/entity/2048203604,Mobility,"",""
http://id.who.int/icd/entity/1834472768,Transportation of mucus,Functions of transportation of mucus of upper and lower airways.,owl:Class,http://id.who.int/icd/entity/184992399,http://id.who.int/icd/entity/1834472768,http://snomed.info/id/84100007|http://snomed.info/id/84100007|http://snomed.info/id/84100007|http://snomed.info/id/84100007,"Clinical interview|History taking|History taking, health|Taking health history","","","","","","","","","","","",""
http://id.who.int/icd/entity/1839310222,Muscle tone functions,Functions related to the tension present in the resting muscles and the resistance offered when trying to move the muscles passively.,owl:Class,http://id.who.int/icd/entity/1164313611,http://id.who.int/icd/entity/1839310222,"","","","","","","","","","","","","",""
http://id.who.int/icd/entity/1843740951,"The eye, ear and related structures",,owl:Class,http://id.who.int/icd/entity/1626363729,http://id.who.int/icd/entity/1843740951,"","","","","","","","","","","","","",""
http://id.who.int/icd/entity/1846694084,Quality of voice,"Functions of the production of characteristics of voice including pitch, resonance and other features.",owl:Class,http://id.who.int/icd/entity/712570723,http://id.who.int/icd/entity/1846694084,"","","","","","","","","","","","","",""
http://id.who.int/icd/entity/184992399,Functions related to mucus,,owl:Class,http://id.who.int/icd/entity/1682107878,http://id.who.int/icd/entity/184992399,"","","","","","","","","","","","","",""
http://id.who.int/icd/entity/1851215071,Rolling over,Moving the body from one position to another while lying such as turning from side to side or from stomach to back.,owl:Class,http://id.who.int/icd/entity/150502901,http://id.who.int/icd/entity/1851215071,"","","","","","","","","","","","","",""
http://id.who.int/icd/entity/1864074583,Energy level,Mental functions that produce vigour and stamina.,owl:Class,http://id.who.int/icd/entity/723665457,http://id.who.int/icd/entity/1864074583,"","","","","","","","","","","","","",""
http://id.who.int/icd/entity/1867012554,Muscles of upper arm,,owl:Class,http://id.who.int/icd/entity/640373779,http://id.who.int/icd/entity/1867012554,http://purl.obolibrary.org/obo/HP_0003694|http://purl.obolibrary.org/obo/HP_0009028|http://purl.obolibrary.org/obo/HP_0009073|http://purl.obolibrary.org/obo/HP_0030200|http://purl.obolibrary.org/obo/HP_0030200|http://purl.obolibrary.org/obo/HP_0031108,Late-onset proximal muscle weakness|Generalized weakness of limb muscles|Progressive proximal muscle weakness|Fatiguable weakness of proximal limb muscles|Fatiguable weakness of proximal limb muscles |Triceps weakness,"","","","","","",http://id.who.int/icd/entity/1521707777|http://id.who.int/icd/entity/1789365017,Endurance of muscle groups|Power of isolated muscles and muscle groups,"","","",""
http://id.who.int/icd/entity/1873256446,Community life,"Engaging in aspects of community social life, such as engaging in charitable organizations, services clubs or professional social organizations.",owl:Class,http://id.who.int/icd/entity/1436113794,http://id.who.int/icd/entity/1873256446,"","","","","","","","","","","","","",""
http://id.who.int/icd/entity/1874889854,Muscles of head and neck region,,owl:Class,http://id.who.int/icd/entity/436620656,http://id.who.int/icd/entity/1874889854,http://purl.obolibrary.org/obo/HP_0000183|http://purl.obolibrary.org/obo/HP_0000508|http://purl.obolibrary.org/obo/HP_0002033|http://purl.obolibrary.org/obo/HP_0002058|http://purl.obolibrary.org/obo/HP_0002068|http://purl.obolibrary.org/obo/HP_0002483|http://purl.obolibrary.org/obo/HP_0003306|http://purl.obolibrary.org/obo/HP_0003722|http://purl.obolibrary.org/obo/HP_0005216|http://purl.obolibrary.org/obo/HP_0012473|http://purl.obolibrary.org/obo/HP_0030193|http://purl.obolibrary.org/obo/HP_0030194|http://purl.obolibrary.org/obo/HP_0030194|http://purl.obolibrary.org/obo/HP_0030195|http://purl.obolibrary.org/obo/HP_0030195|http://purl.obolibrary.org/obo/HP_0030199|http://purl.obolibrary.org/obo/HP_0030199|http://purl.obolibrary.org/obo/HP_0030319|http://purl.obolibrary.org/obo/HP_0031146|http://purl.obolibrary.org/obo/HP_0031162|http://purl.obolibrary.org/obo/HP_0200136|http://purl.obolibrary.org/obo/PROMOT_0032016|http://purl.obolibrary.org/obo/PROMOT_0032017|http://purl.obolibrary.org/obo/PROMOT_0032020|http://purl.obolibrary.org/obo/PROMOT_0032023,Tongue muscle weakness|Ptosis|Poor suck|Myopathic facies|Neuromuscular dysphagia|Bulbar signs|Spinal rigidity|Neck flexor weakness|Impaired mastication|Tongue atrophy|Fatigable weakness of chewing muscles|Fatigable weakness of speech muscles|Fatigable weakness of speech muscles |Fatigable weakness of swallowing muscles|Fatigable weakness of swallowing muscles |Fatigable weakness of neck muscles|Fatigable weakness of neck muscles |Weakness of facial musculature|Impaired oral bolus formation|Impaired oropharyngeal swallow response|Oral-pharyngeal dysphagia|Dysphagia for liquid|Dysphagia for solid|Fatigable weakness of facial musculature|Weakness of chewing muscles,"","","","","","",http://id.who.int/icd/entity/1041382491|http://id.who.int/icd/entity/1174312718|http://id.who.int/icd/entity/1389818830|http://id.who.int/icd/entity/1521707777|http://id.who.int/icd/entity/1580195090|http://id.who.int/icd/entity/1789365017|http://id.who.int/icd/entity/1806589582|http://id.who.int/icd/entity/2089171534|http://id.who.int/icd/entity/691689627|http://id.who.int/icd/entity/712570723|http://id.who.int/icd/entity/841397411,Oral swallowing|Manipulation of food in the mouth|Chewing|Endurance of muscle groups|Digestive functions|Power of isolated muscles and muscle groups|Biting|Sucking|Pharyngeal swallowing|Voice functions|Sensation of muscle stiffness,"","","",""
http://id.who.int/icd/entity/1896301954,Listening,"Using the sense of hearing intentionally to experience auditory stimuli, such as listening to a radio, to the human voice, to music, to a lecture, or to a story told.",owl:Class,http://id.who.int/icd/entity/735194884,http://id.who.int/icd/entity/1896301954,http://snomed.info/id/84100007|http://snomed.info/id/84100007|http://snomed.info/id/84100007|http://snomed.info/id/84100007,"Clinical interview|History taking|History taking, health|Taking health history","","","","","","","","","","","",""
http://id.who.int/icd/entity/1916167881,Sensory functions and pain,"This chapter is about the functions of the senses, seeing, hearing, tasting and so on, as well as the sensation of pain.",owl:Class,http://id.who.int/icd/entity/567313968,http://id.who.int/icd/entity/1916167881,"","","","","","","","","","","","","",""
http://id.who.int/icd/entity/1919311435,Articulation functions,Functions of the production of speech sounds.,owl:Class,http://id.who.int/icd/entity/388067588,http://id.who.int/icd/entity/1919311435,http://snomed.info/id/84100007|http://snomed.info/id/84100007|http://snomed.info/id/84100007|http://snomed.info/id/84100007,"Clinical interview|History taking|History taking, health|Taking health history","","","","","","","","",http://id.who.int/icd/entity/151046878,Speaking,"",""
http://id.who.int/icd/entity/1929433903,Structure of lower extremity,,owl:Class,http://id.who.int/icd/entity/644658903,http://id.who.int/icd/entity/1929433903,"","","","","","","","","","","","","",""
http://id.who.int/icd/entity/1976873960,Functions related to the digestive system,,owl:Class,http://id.who.int/icd/entity/850289698,http://id.who.int/icd/entity/1976873960,"","","","","","","","","","","","","",""
http://id.who.int/icd/entity/1986061142,not applicable,,owl:Class,http://id.who.int/icd/entity/437219407,http://id.who.int/icd/entity/1986061142,"","","","","","","","","","","","","",""
http://id.who.int/icd/entity/1993770860,Going up and down stairs,Moving upwards and downwards so that at least one foot is always on the ground such as ascending and descending stairs or curbs.,owl:Class,http://id.who.int/icd/entity/1334556216,http://id.who.int/icd/entity/1993770860,"","","","","","","","","","","","","",""
http://id.who.int/icd/entity/2011053685,Learning and applying knowledge,"This chapter is about learning, applying the knowledge that is learned, thinking, solving problems, and making decisions.",owl:Class,http://purl.obolibrary.org/obo/PROMOT_0110001,http://id.who.int/icd/entity/2011053685,"","","","","","","","","","","","","",""
http://id.who.int/icd/entity/2021370201,Functions of the eyelid,"Functions of the eyelid, such as the protective reflex.",owl:Class,http://id.who.int/icd/entity/2031311308,http://id.who.int/icd/entity/2021370201,http://snomed.info/id/12894003,Functional assessment,"","","","","","","","","","","",""
http://id.who.int/icd/entity/2022689055,Visual acuity functions,"Seeing functions of sensing form and contour, both binocular and monocular, for both distant and near vision.",owl:Class,http://id.who.int/icd/entity/848997900,http://id.who.int/icd/entity/2022689055,http://snomed.info/id/84100007|http://snomed.info/id/84100007|http://snomed.info/id/84100007|http://snomed.info/id/84100007,"Clinical interview|History taking|History taking, health|Taking health history","","","","","","","","","","","",""
http://id.who.int/icd/entity/2031311308,Functions of structures adjoining the eye,Functions of structures in and around the eye that facilitate seeing functions.,owl:Class,http://id.who.int/icd/entity/890173921,http://id.who.int/icd/entity/2031311308,"","","","","","","","","","","","","",""
http://id.who.int/icd/entity/2048203604,Mobility,"This chapter is about moving by changing body position or location or by transferring from one place to another, by carrying, moving or manipulating objects, by walking, running or climbing, and by using various forms of transportation.",owl:Class,http://purl.obolibrary.org/obo/PROMOT_0110001,http://id.who.int/icd/entity/2048203604,http://snomed.info/id/12894003,Functional assessment,"","","","","","","","","","","",""
http://id.who.int/icd/entity/2052957777,Expression of spoken language,Mental functions necessary to produce meaningful spoken messages.,owl:Class,http://id.who.int/icd/entity/2069698903,http://id.who.int/icd/entity/2052957777,"","","","","","","","","","",http://id.who.int/icd/entity/151046878,Speaking,"",""
http://id.who.int/icd/entity/2060264919,Structures involved in voice and speech,,owl:Class,http://id.who.int/icd/entity/1626363729,http://id.who.int/icd/entity/2060264919,"","","","","","","","","","","","","",""
http://id.who.int/icd/entity/2067741200,Testes and scrotum,,owl:Class,http://id.who.int/icd/entity/606087144,http://id.who.int/icd/entity/2067741200,http://purl.obolibrary.org/obo/HP_0000028,Cryptorchidism,"","","","","","",http://id.who.int/icd/entity/859818654,"Penis, testes and scrotum development","","","",""
http://id.who.int/icd/entity/2069220714,front,,owl:Class,http://id.who.int/icd/entity/437219407,http://id.who.int/icd/entity/2069220714,"","","","","","","","","","","","","",""
http://id.who.int/icd/entity/2069371821,Rhythm of speech,"Functions of the modulated, tempo and stress patterns in speech.",owl:Class,http://id.who.int/icd/entity/213697684,http://id.who.int/icd/entity/2069371821,"","","","","","","","","","","","","",""
http://id.who.int/icd/entity/2069698903,Expression of language,"Specific mental functions necessary to produce meaningful messages in spoken, written, signed or other forms of language.",owl:Class,http://id.who.int/icd/entity/1811133755,http://id.who.int/icd/entity/2069698903,"","","","","","","","","","","","","",""
http://id.who.int/icd/entity/2089171534,Sucking,"Functions of drawing food or liquids into the mouth by a suction force produced by movements of the cheeks, lips and tongue.",owl:Class,http://id.who.int/icd/entity/363211474,http://id.who.int/icd/entity/2089171534,http://snomed.info/id/84100007|http://snomed.info/id/84100007|http://snomed.info/id/84100007|http://snomed.info/id/84100007,"Clinical interview|History taking|History taking, health|Taking health history","","","","","","","","",http://id.who.int/icd/entity/1328675264|http://id.who.int/icd/entity/553784299,Eating|Drinking,"",""
http://id.who.int/icd/entity/2090906765,Thermoregulatory functions,Functions of the regulation of body temperature.,owl:Class,http://id.who.int/icd/entity/552193364,http://id.who.int/icd/entity/2090906765,http://snomed.info/id/84100007|http://snomed.info/id/84100007|http://snomed.info/id/84100007|http://snomed.info/id/84100007,"Clinical interview|History taking|History taking, health|Taking health history","","","","","","","","","","","",""
http://id.who.int/icd/entity/2100545361,Heart rate,Functions related to the number of times the heart contracts every minute.,owl:Class,http://id.who.int/icd/entity/222589883,http://id.who.int/icd/entity/2100545361,http://snomed.info/id/84100007|http://snomed.info/id/84100007|http://snomed.info/id/84100007|http://snomed.info/id/84100007,"Clinical interview|History taking|History taking, health|Taking health history","","","","","","","","","","","",""
http://id.who.int/icd/entity/213697684,Fluency and rhythm of speech functions,Functions of the production of flow and tempo of speech.,owl:Class,http://id.who.int/icd/entity/388067588,http://id.who.int/icd/entity/213697684,http://snomed.info/id/84100007|http://snomed.info/id/84100007|http://snomed.info/id/84100007|http://snomed.info/id/84100007,"Clinical interview|History taking|History taking, health|Taking health history","","","","","","","","",http://id.who.int/icd/entity/151046878,Speaking,"",""
http://id.who.int/icd/entity/213893837,Bones,,owl:Class,http://id.who.int/icd/entity/1438965984,http://id.who.int/icd/entity/213893837,http://purl.obolibrary.org/obo/HP_0000767|http://purl.obolibrary.org/obo/HP_0000768|http://purl.obolibrary.org/obo/HP_0000774|http://purl.obolibrary.org/obo/HP_0000886|http://purl.obolibrary.org/obo/HP_0000886|http://purl.obolibrary.org/obo/HP_0004322|http://purl.obolibrary.org/obo/HP_6000327,Pectus excavatum|Pectus carinatum|Narrow chest|Deformed rib cage|Deformed rib cage |Short stature|Thoracic cage flatness,"","","","","","","","","","","",""
http://id.who.int/icd/entity/222589883,Heart functions,Functions of pumping the blood in adequate or required amounts and pressure throughout the body.,owl:Class,http://id.who.int/icd/entity/719872561,http://id.who.int/icd/entity/222589883,"","","","","","","","","","","","","",""
http://id.who.int/icd/entity/232409592,Structure of pelvic region,,owl:Class,http://id.who.int/icd/entity/644658903,http://id.who.int/icd/entity/232409592,"","","","","","","","","","","","","",""
http://id.who.int/icd/entity/242704590,"Functions of expelling the contents of the stomach, oesophagus or pharynx","Functions of moving substances such as food, liquid, medications, objects intentionally or unintentionally swallowed in the reverse direction to ingestion, such as in regurgitation and vomiting.",owl:Class,http://id.who.int/icd/entity/363211474,http://id.who.int/icd/entity/242704590,http://snomed.info/id/84100007|http://snomed.info/id/84100007|http://snomed.info/id/84100007|http://snomed.info/id/84100007,"Clinical interview|History taking|History taking, health|Taking health history","","","","","","","","","","","",""
http://id.who.int/icd/entity/246722870,Structures around eye,,owl:Class,http://id.who.int/icd/entity/1843740951,http://id.who.int/icd/entity/246722870,"","","","","","","","","","","","","",""
http://id.who.int/icd/entity/248265067,Mobility of joint functions,Functions of the range and ease of movement of a joint.,owl:Class,http://id.who.int/icd/entity/1134562249,http://id.who.int/icd/entity/248265067,http://snomed.info/id/84100007|http://snomed.info/id/84100007|http://snomed.info/id/84100007|http://snomed.info/id/84100007,"Clinical interview|History taking|History taking, health|Taking health history","","","","","","","","","","","",""
http://id.who.int/icd/entity/249425252,Structure of lower leg,,owl:Class,http://id.who.int/icd/entity/1929433903,http://id.who.int/icd/entity/249425252,"","","","","","","","","","","","","",""
http://id.who.int/icd/entity/260756767,Tone of all muscles of the body,Functions related to the tension present in the resting muscles and muscle groups of the whole body and the resistance offered when trying to move those muscles passively.,owl:Class,http://id.who.int/icd/entity/1839310222,http://id.who.int/icd/entity/260756767,http://snomed.info/id/84100007|http://snomed.info/id/84100007|http://snomed.info/id/84100007|http://snomed.info/id/84100007,"Clinical interview|History taking|History taking, health|Taking health history","","","","","","","","","","","",""
http://id.who.int/icd/entity/274570113,Muscle power functions,Functions related to the force generated by the contraction of a muscle or muscle groups.,owl:Class,http://id.who.int/icd/entity/1164313611,http://id.who.int/icd/entity/274570113,"","","","","","","","","","","","","",""
http://id.who.int/icd/entity/278512890,Muscles of shoulder region,,owl:Class,http://id.who.int/icd/entity/1108927576,http://id.who.int/icd/entity/278512890,http://purl.obolibrary.org/obo/HP_0003547|http://purl.obolibrary.org/obo/HP_0003691|http://purl.obolibrary.org/obo/HP_0003694|http://purl.obolibrary.org/obo/HP_0008997|http://purl.obolibrary.org/obo/HP_0008997|http://purl.obolibrary.org/obo/HP_0009028|http://purl.obolibrary.org/obo/HP_0009073|http://purl.obolibrary.org/obo/HP_0030200|http://purl.obolibrary.org/obo/HP_0030200,Shoulder girdle muscle weakness|Scapular winging|Late-onset proximal muscle weakness|Proximal muscle weakness in upper limbs|Proximal upper limb muscle weakness|Generalized weakness of limb muscles|Progressive proximal muscle weakness|Fatiguable weakness of proximal limb muscles|Fatiguable weakness of proximal limb muscles ,"","","","","","",http://id.who.int/icd/entity/1521707777|http://id.who.int/icd/entity/1789365017,Endurance of muscle groups|Power of isolated muscles and muscle groups,"","","",""
http://id.who.int/icd/entity/294830867,Muscles of forearm,,owl:Class,http://id.who.int/icd/entity/822292691,http://id.who.int/icd/entity/294830867,http://purl.obolibrary.org/obo/HP_0003810|http://purl.obolibrary.org/obo/HP_0008959|http://purl.obolibrary.org/obo/HP_0009028|http://purl.obolibrary.org/obo/HP_0009063|http://purl.obolibrary.org/obo/HP_0030198,Late-onset distal muscle weakness|Distal upper limb muscle weakness|Generalized weakness of limb muscles|Progressive distal muscle weakness|Fatigable weakness of distal limb muscles,"","","","","","",http://id.who.int/icd/entity/1521707777|http://id.who.int/icd/entity/1789365017,Endurance of muscle groups|Power of isolated muscles and muscle groups,"","","",""
http://id.who.int/icd/entity/299098423,Pain in head and neck,Sensation of unpleasant feeling indicating potential or actual damage to some body structure felt in the head and neck.,owl:Class,http://id.who.int/icd/entity/577558794,http://id.who.int/icd/entity/299098423,http://snomed.info/id/84100007|http://snomed.info/id/84100007|http://snomed.info/id/84100007|http://snomed.info/id/84100007,"Clinical interview|History taking|History taking, health|Taking health history","","","","","","","","","","","",""
http://id.who.int/icd/entity/326705068,"Functions of the cardiovascular, haematological, immunological and respiratory systems","This chapter is about the functions involved in the cardiovascular system (functions of the heart and blood vessels), the haematological and immunological systems (functions of blood production and immunity), and the respiratory system (functions of respiration and exercise tolerance).",owl:Class,http://id.who.int/icd/entity/567313968,http://id.who.int/icd/entity/326705068,"","","","","","","","","","","","","",""
http://id.who.int/icd/entity/338611549,Muscles of lower leg,,owl:Class,http://id.who.int/icd/entity/249425252,http://id.who.int/icd/entity/338611549,http://purl.obolibrary.org/obo/HP_0003810|http://purl.obolibrary.org/obo/HP_0008963|http://purl.obolibrary.org/obo/HP_0009028|http://purl.obolibrary.org/obo/HP_0009063|http://purl.obolibrary.org/obo/HP_0011727|http://purl.obolibrary.org/obo/HP_0030198,Late-onset distal muscle weakness|Tibialis muscle weakness|Generalized weakness of limb muscles|Progressive distal muscle weakness|Peroneal muscle weakness|Fatigable weakness of distal limb muscles,"","","","","","",http://id.who.int/icd/entity/1521707777|http://id.who.int/icd/entity/1789365017,Endurance of muscle groups|Power of isolated muscles and muscle groups,"","","",""
http://id.who.int/icd/entity/341679012,Structure of vertebral column,,owl:Class,http://id.who.int/icd/entity/723417607,http://id.who.int/icd/entity/341679012,"","","","","","","","","","","","","",""
http://id.who.int/icd/entity/363211474,Ingestion functions,Functions related to taking in and manipulating solids or liquids through the mouth into the body.,owl:Class,http://id.who.int/icd/entity/1976873960,http://id.who.int/icd/entity/363211474,"","","","","","","","","","","","","",""
http://id.who.int/icd/entity/374222990,Structure of palate,,owl:Class,http://id.who.int/icd/entity/1754034822,http://id.who.int/icd/entity/374222990,http://purl.obolibrary.org/obo/HP_0002705,"High, narrow palate","","","","","","","","","","","",""
http://id.who.int/icd/entity/388067588,Voice and speech functions,This chapter is about the functions of producing sounds and speech.,owl:Class,http://id.who.int/icd/entity/567313968,http://id.who.int/icd/entity/388067588,"","","","","","","","","","","","","",""
http://id.who.int/icd/entity/389047611,Muscle endurance functions,Functions related to sustaining muscle contraction for the required period of time.,owl:Class,http://id.who.int/icd/entity/1164313611,http://id.who.int/icd/entity/389047611,"","","","","","","","","","","","","",""
http://id.who.int/icd/entity/397303672,Structure of cardiovascular system,,owl:Class,http://id.who.int/icd/entity/521411479,http://id.who.int/icd/entity/397303672,"","","","","","","","","","","","","",""
http://id.who.int/icd/entity/399242087,Recreation and leisure,"Engaging in any form of play, recreational or leisure pursuit, such as informal or organized play and sports, programmes of physical fitness, relaxation, amusement or diversion, going to art galleries, museums, cinemas or theatres; engaging in crafts or hobbies, reading or singing for enjoyment, playing musical instruments; sightseeings, tourism and travelling for pleasure.",owl:Class,http://id.who.int/icd/entity/1436113794,http://id.who.int/icd/entity/399242087,"","","","","","","","","","","","","",""
http://id.who.int/icd/entity/405925948,External ocular muscles,,owl:Class,http://id.who.int/icd/entity/246722870,http://id.who.int/icd/entity/405925948,http://purl.obolibrary.org/obo/HP_0000486|http://purl.obolibrary.org/obo/HP_0000544|http://purl.obolibrary.org/obo/HP_0000651|http://purl.obolibrary.org/obo/HP_0007715|http://purl.obolibrary.org/obo/HP_0007838|http://purl.obolibrary.org/obo/HP_0007941|http://purl.obolibrary.org/obo/PROMOT_0032018|http://purl.obolibrary.org/obo/PROMOT_0032021,Strabismus|External ophthalmoplegia|Diplopia|Weak extraocular muscles|Progressive ptosis|Limited extraocular movements|Fatigable ptosis|Fatigable weakness of the ocular muscles,"","","","","","",http://id.who.int/icd/entity/1090716697|http://id.who.int/icd/entity/1521707777|http://id.who.int/icd/entity/1789365017|http://id.who.int/icd/entity/2021370201|http://id.who.int/icd/entity/2022689055,Functions of external muscles of the eye|Endurance of muscle groups|Power of isolated muscles and muscle groups|Functions of the eyelid|Visual acuity functions,"","","",""
http://id.who.int/icd/entity/409094401,Walking around obstacles,"Walking in ways required to avoid moving and immobile objects, people, animals, and vehicles, such as walking around a marketplace or shop, around or through traffic or other crowded areas.",owl:Class,http://id.who.int/icd/entity/1550548595,http://id.who.int/icd/entity/409094401,"","","","","","","","","","","","","",""
http://id.who.int/icd/entity/412494151,Running,Moving with quick steps so that both feet may be simultaneously off the ground.,owl:Class,http://id.who.int/icd/entity/712447084,http://id.who.int/icd/entity/412494151,http://snomed.info/id/84100007|http://snomed.info/id/84100007|http://snomed.info/id/84100007|http://snomed.info/id/84100007,"Clinical interview|History taking|History taking, health|Taking health history","","","","","","","","","","","",""
http://id.who.int/icd/entity/426292658,Structure of inner ear,,owl:Class,http://id.who.int/icd/entity/1843740951,http://id.who.int/icd/entity/426292658,"","","","","","","","","","","","","",""
http://id.who.int/icd/entity/435521956,Structure of thigh,,owl:Class,http://id.who.int/icd/entity/1929433903,http://id.who.int/icd/entity/435521956,"","","","","","","","","","","","","",""
http://id.who.int/icd/entity/436620656,Structure of head and neck region,,owl:Class,http://id.who.int/icd/entity/644658903,http://id.who.int/icd/entity/436620656,"","","","","","","","","","","","","",""
http://id.who.int/icd/entity/437219407,Anatomical localization,,owl:Class,http://purl.obolibrary.org/obo/BFO_0000019,http://id.who.int/icd/entity/437219407,"","","","","","","","","","","","","",""
http://id.who.int/icd/entity/446199613,Respiration functions,"Functions of inhaling air into the lungs, the exchange of gases between air and blood, and exhaling air.",owl:Class,http://id.who.int/icd/entity/744367503,http://id.who.int/icd/entity/446199613,http://snomed.info/id/12894003,Functional assessment,"","","","","","","","","","","",""
http://id.who.int/icd/entity/454325322,Pain in multiple body parts,Unpleasant sensation indicating potential or actual damage to some body structure located in several body parts.,owl:Class,http://id.who.int/icd/entity/894218497,http://id.who.int/icd/entity/454325322,http://snomed.info/id/84100007|http://snomed.info/id/84100007|http://snomed.info/id/84100007|http://snomed.info/id/84100007,"Clinical interview|History taking|History taking, health|Taking health history","","","","","","","","","","","",""
http://id.who.int/icd/entity/462923277,Joints,,owl:Class,http://id.who.int/icd/entity/1438965984,http://id.who.int/icd/entity/462923277,http://purl.obolibrary.org/obo/HP_0001382|http://purl.obolibrary.org/obo/HP_0001387|http://purl.obolibrary.org/obo/HP_0002804|http://purl.obolibrary.org/obo/HP_0002828,Joint hypermobility|Joint stiffness|Arthrogryposis multiplex congenita|Multiple joint contractures,"","","","","","",http://id.who.int/icd/entity/1757783224,Mobility of several joints,"","","",""
http://id.who.int/icd/entity/485719194,Maintaining a standing position,Staying in a standing position for some time such as when standing in a queue.,owl:Class,http://id.who.int/icd/entity/1131514421,http://id.who.int/icd/entity/485719194,"","","","","","","","","","","","","",""
http://id.who.int/icd/entity/49044301,Education,,owl:Class,http://id.who.int/icd/entity/524305529,http://id.who.int/icd/entity/49044301,"","","","","","","","","","","","","",""
http://id.who.int/icd/entity/495844982,Muscles of respiration,,owl:Class,http://id.who.int/icd/entity/829058183,http://id.who.int/icd/entity/495844982,http://purl.obolibrary.org/obo/HP_0002643|http://purl.obolibrary.org/obo/HP_0002878|http://purl.obolibrary.org/obo/HP_0002882|http://purl.obolibrary.org/obo/HP_0004885|http://purl.obolibrary.org/obo/HP_0004887|http://purl.obolibrary.org/obo/HP_0004889|http://purl.obolibrary.org/obo/HP_0005949|http://purl.obolibrary.org/obo/HP_0012497|http://purl.obolibrary.org/obo/HP_0030196|http://purl.obolibrary.org/obo/HP_0030196|http://purl.obolibrary.org/obo/HP_0032341,Neonatal respiratory distress|Respiratory failure|Sudden episodic apnea|Episodic respiratory distress|Respiratory failure requiring assisted ventilation|Intermittent episodes of respiratory insufficiency due to muscle weakness|Apneic episodes in infancy|Reduced maximal expiratory pressure|Fatigable weakness of respiratory muscles|Fatigable weakness of respiratory muscles |Reduced forced vital capacity,"","","","","","",http://id.who.int/icd/entity/1360101629|http://id.who.int/icd/entity/1521707777|http://id.who.int/icd/entity/1789365017|http://id.who.int/icd/entity/446199613,Respiratory muscle functions|Endurance of muscle groups|Power of isolated muscles and muscle groups|Respiration functions,"","","",""
http://id.who.int/icd/entity/512553770,both sides,,owl:Class,http://id.who.int/icd/entity/437219407,http://id.who.int/icd/entity/512553770,"","","","","","","","","","","","","",""
http://id.who.int/icd/entity/521411479,"Structures of cardiovascular, immunological and respiratory systems",,owl:Class,http://id.who.int/icd/entity/1626363729,http://id.who.int/icd/entity/521411479,"","","","","","","","","","","","","",""
http://id.who.int/icd/entity/524305529,Major life areas,"This chapter is about carrying out the tasks and actions required to engage in education, work and employment and to conduct economic transactions.",owl:Class,http://purl.obolibrary.org/obo/PROMOT_0120002,http://id.who.int/icd/entity/524305529,"","","","","","","","","","","","","",""
http://id.who.int/icd/entity/539470158,Salivation,Function of the production of saliva within the mouth.,owl:Class,http://id.who.int/icd/entity/363211474,http://id.who.int/icd/entity/539470158,http://snomed.info/id/840297006|http://snomed.info/id/840297006,Assessment of PROMs (patient reported outcome measures)|Assessment of patient reported outcome measures,"","","","","","","","","","","",""
http://id.who.int/icd/entity/552193364,Functions related to metabolism and the endocrine system,,owl:Class,http://id.who.int/icd/entity/850289698,http://id.who.int/icd/entity/552193364,"","","","","","","","","","","","","",""
http://id.who.int/icd/entity/553784299,Drinking,"Taking hold of a drink, bringing it to the mouth, and consuming the drink in culturally acceptable ways, mixing, stirring and pouring liquids for drinking, opening bottles and cans, drinking through a straw or drinking running water such as from a tap or a spring; feeding or suckling from the breast.",owl:Class,http://id.who.int/icd/entity/1608009360,http://id.who.int/icd/entity/553784299,"","","","","","","","","","","","","",""
http://id.who.int/icd/entity/555410497,Walking short distances,"Walking for less than a kilometre, such as walking around rooms or hallways, within a building or for short distances outside.",owl:Class,http://id.who.int/icd/entity/1550548595,http://id.who.int/icd/entity/555410497,"","","","","","","","","","","","","",""
http://id.who.int/icd/entity/556694745,Power of muscles of the trunk,Functions related to the force generated by the contraction of muscles and muscle groups in the trunk.,owl:Class,http://id.who.int/icd/entity/274570113,http://id.who.int/icd/entity/556694745,http://snomed.info/id/84100007|http://snomed.info/id/84100007|http://snomed.info/id/84100007|http://snomed.info/id/84100007,"Clinical interview|History taking|History taking, health|Taking health history","","","","","","","","","","","",""
http://id.who.int/icd/entity/567313968,Body functions,"Body functions are the physiological functions of body systems (including psychological functions).
Impairments are problems in body function or structure as a significant deviation or loss.
Broad ranges of percentages are provided for those cases in which calibrated assessment instruments or other standards are available to quantify the impairment in body function. For example, when ""no impairment"" or ""complete impairment"" in body function is coded, this scaling may have margin of error of up to 5%. ""Moderate impairment"" is generally up to half of the scale of total impairment. The percentages are to be calibrated in different domains with reference to population standards as percentiles. For this quantification to be used in a uniform manner, assessment procedures need to be developed through research.
For a further explanation of coding conventions in ICF, refer to Annex 2.",owl:Class,http://purl.obolibrary.org/obo/BFO_0000034,http://id.who.int/icd/entity/567313968,"","","","","","","","","","","","","",""
http://id.who.int/icd/entity/576915490,Involuntary movement reaction functions,"Functions of involuntary contractions of large muscles or the whole body induced by body position, balance and threatening stimuli.",owl:Class,http://id.who.int/icd/entity/627064928,http://id.who.int/icd/entity/576915490,http://snomed.info/id/12894003,Functional assessment,"","","","","","","","",http://id.who.int/icd/entity/2048203604,Mobility,"",""
http://id.who.int/icd/entity/577558794,Pain in body part,"Sensation of unpleasant feeling indicating potential or actual damage to some body structure felt in a specific part, or parts, of the body.",owl:Class,http://id.who.int/icd/entity/894218497,http://id.who.int/icd/entity/577558794,"","","","","","","","","","","","","",""
http://id.who.int/icd/entity/58064740,Muscles of trunk,,owl:Class,http://id.who.int/icd/entity/723417607,http://id.who.int/icd/entity/58064740,http://purl.obolibrary.org/obo/HP_0003306|http://purl.obolibrary.org/obo/HP_0003327|http://purl.obolibrary.org/obo/HP_0009023|http://purl.obolibrary.org/obo/PROMOT_0032019,Spinal rigidity|Axial muscle weakness|Abdominal wall muscle weakness|Fatigable weakness of axial muscles,"","","","","","",http://id.who.int/icd/entity/1521707777|http://id.who.int/icd/entity/1789365017|http://id.who.int/icd/entity/556694745|http://id.who.int/icd/entity/841397411,Endurance of muscle groups|Power of isolated muscles and muscle groups|Power of muscles of the trunk|Sensation of muscle stiffness,"","","",""
http://id.who.int/icd/entity/583874291,Managing diet and fitness,Caring for oneself by being aware of the need and by selecting and consuming nutritious foods and maintaining physical fitness.,owl:Class,http://id.who.int/icd/entity/1398348540,http://id.who.int/icd/entity/583874291,"","","","","","","","","","","","","",""
http://id.who.int/icd/entity/606087144,Structure of reproductive system,,owl:Class,http://id.who.int/icd/entity/826593815,http://id.who.int/icd/entity/606087144,"","","","","","","","","","","","","",""
http://id.who.int/icd/entity/608795582,Bones of face,,owl:Class,http://id.who.int/icd/entity/436620656,http://id.who.int/icd/entity/608795582,http://purl.obolibrary.org/obo/HP_0000276|http://purl.obolibrary.org/obo/HP_0002058,Long face|Myopathic facies,"","","","","","","","","","","",""
http://id.who.int/icd/entity/621727843,Sensation of muscle spasm,Sensation of involuntary contraction of a muscle or a group of muscles.,owl:Class,http://id.who.int/icd/entity/1405368356,http://id.who.int/icd/entity/621727843,"","","","","","","","","","","","","",""
http://id.who.int/icd/entity/623565657,Maintaining a sitting position,"Staying in a seated position, on a seat or the floor, for some time such as when sitting at a desk or table.",owl:Class,http://id.who.int/icd/entity/1131514421,http://id.who.int/icd/entity/623565657,"","","","","","","","","","","","","",""
http://id.who.int/icd/entity/627064928,Movement functions,,owl:Class,http://id.who.int/icd/entity/161488596,http://id.who.int/icd/entity/627064928,"","","","","","","","","","","","","",""
http://id.who.int/icd/entity/634949825,Structure of brain,,owl:Class,http://id.who.int/icd/entity/1419635799,http://id.who.int/icd/entity/634949825,http://purl.obolibrary.org/obo/HP_0001249,Intellectual disability,"","","","","","",http://id.who.int/icd/entity/1525383756,Intellectual functions,"","","",""
http://id.who.int/icd/entity/640373779,Structure of upper arm,,owl:Class,http://id.who.int/icd/entity/1019379329,http://id.who.int/icd/entity/640373779,"","","","","","","","","","","","","",""
http://id.who.int/icd/entity/644658903,Structures related to movement,,owl:Class,http://purl.obolibrary.org/obo/PROMOT_0020001,http://id.who.int/icd/entity/644658903,http://purl.obolibrary.org/obo/HP_0002141,Gait imbalance,"","","","","","",http://id.who.int/icd/entity/576915490,Involuntary movement reaction functions,"","","",""
http://id.who.int/icd/entity/670326378,more than one region,,owl:Class,http://id.who.int/icd/entity/437219407,http://id.who.int/icd/entity/670326378,"","","","","","","","","","","","","",""
http://id.who.int/icd/entity/682314871,Pain in back,Sensation of unpleasant feeling indicating potential or actual damage to some body structure felt in the back.,owl:Class,http://id.who.int/icd/entity/577558794,http://id.who.int/icd/entity/682314871,http://snomed.info/id/84100007|http://snomed.info/id/84100007|http://snomed.info/id/84100007|http://snomed.info/id/84100007,"Clinical interview|History taking|History taking, health|Taking health history","","","","","","","","","","","",""
http://id.who.int/icd/entity/691689627,Pharyngeal swallowing,Function of clearing substances through the pharynx at an appropriate rate and speed.,owl:Class,http://id.who.int/icd/entity/923782542,http://id.who.int/icd/entity/691689627,"","","","","","","","","","","","","",""
http://id.who.int/icd/entity/712447084,Moving around,"Moving the whole body from one place to another by means other than walking, such as climbing over a rock or running down a street, skipping, scampering, jumping, somersaulting or running around obstacles.",owl:Class,http://id.who.int/icd/entity/1334556216,http://id.who.int/icd/entity/712447084,"","","","","","","","","","","","","",""
http://id.who.int/icd/entity/712570723,Voice functions,Functions of the production of various sounds by the passage of air through the larynx.,owl:Class,http://id.who.int/icd/entity/388067588,http://id.who.int/icd/entity/712570723,http://snomed.info/id/84100007|http://snomed.info/id/84100007|http://snomed.info/id/84100007|http://snomed.info/id/84100007,"Clinical interview|History taking|History taking, health|Taking health history","","","","","","","","",http://id.who.int/icd/entity/151046878,Speaking,"",""
http://id.who.int/icd/entity/719872561,Functions of the cardiovascular system,,owl:Class,http://id.who.int/icd/entity/326705068,http://id.who.int/icd/entity/719872561,"","","","","","","","","","","","","",""
http://id.who.int/icd/entity/723417607,Structure of trunk,,owl:Class,http://id.who.int/icd/entity/644658903,http://id.who.int/icd/entity/723417607,http://purl.obolibrary.org/obo/HP_0000767|http://purl.obolibrary.org/obo/HP_0000768|http://purl.obolibrary.org/obo/HP_0000774|http://purl.obolibrary.org/obo/HP_0000886|http://purl.obolibrary.org/obo/HP_0000886|http://purl.obolibrary.org/obo/HP_6000327,Pectus excavatum|Pectus carinatum|Narrow chest|Deformed rib cage|Deformed rib cage |Thoracic cage flatness,"","","","","","","","","","","",""
http://id.who.int/icd/entity/723665457,Energy and drive functions,General mental functions of physiological and psychological mechanisms that cause the individual to move towards satisfying specific needs and general goals in a persistent manner.,owl:Class,http://id.who.int/icd/entity/882590883,http://id.who.int/icd/entity/723665457,"","","","","","","","","","","","","",""
http://id.who.int/icd/entity/73014515,Work and employment,,owl:Class,http://id.who.int/icd/entity/524305529,http://id.who.int/icd/entity/73014515,"","","","","","","","","","","","","",""
http://id.who.int/icd/entity/735194884,Purposeful sensory experiences,,owl:Class,http://id.who.int/icd/entity/2011053685,http://id.who.int/icd/entity/735194884,"","","","","","","","","","","","","",""
http://id.who.int/icd/entity/744367503,Functions of the respiratory system,,owl:Class,http://id.who.int/icd/entity/326705068,http://id.who.int/icd/entity/744367503,"","","","","","","","","","","","","",""
http://id.who.int/icd/entity/75971722,Reception of spoken language,Mental functions of decoding spoken messages to obtain their meaning.,owl:Class,http://id.who.int/icd/entity/1819639191,http://id.who.int/icd/entity/75971722,"","","","","","","","","","",http://id.who.int/icd/entity/1896301954,Listening,"",""
http://id.who.int/icd/entity/773343048,Additional functions and sensations of the cardiovascular and respiratory systems,,owl:Class,http://id.who.int/icd/entity/326705068,http://id.who.int/icd/entity/773343048,"","","","","","","","","","","","","",""
http://id.who.int/icd/entity/793188683,Muscles of pelvic region,,owl:Class,http://id.who.int/icd/entity/232409592,http://id.who.int/icd/entity/793188683,http://purl.obolibrary.org/obo/HP_0003694|http://purl.obolibrary.org/obo/HP_0003749|http://purl.obolibrary.org/obo/HP_0007340|http://purl.obolibrary.org/obo/HP_0008988|http://purl.obolibrary.org/obo/HP_0008994|http://purl.obolibrary.org/obo/HP_0008994|http://purl.obolibrary.org/obo/HP_0009028|http://purl.obolibrary.org/obo/HP_0009073|http://purl.obolibrary.org/obo/HP_0030200|http://purl.obolibrary.org/obo/HP_0030200,Late-onset proximal muscle weakness|Pelvic girdle muscle weakness|Lower limb muscle weakness|Pelvic girdle muscle atrophy|Proximal lower limb muscle weakness|Proximal muscle weakness in lower limbs|Generalized weakness of limb muscles|Progressive proximal muscle weakness|Fatiguable weakness of proximal limb muscles|Fatiguable weakness of proximal limb muscles ,"","","","","","",http://id.who.int/icd/entity/1521707777|http://id.who.int/icd/entity/1789365017,Endurance of muscle groups|Power of isolated muscles and muscle groups,"","","",""
http://id.who.int/icd/entity/819739306,right,,owl:Class,http://id.who.int/icd/entity/437219407,http://id.who.int/icd/entity/819739306,"","","","","","","","","","","","","",""
http://id.who.int/icd/entity/822292691,Structure of forearm,,owl:Class,http://id.who.int/icd/entity/1019379329,http://id.who.int/icd/entity/822292691,"","","","","","","","","","","","","",""
http://id.who.int/icd/entity/826593815,Structures related to the genitourinary and reproductive systems,,owl:Class,http://id.who.int/icd/entity/1626363729,http://id.who.int/icd/entity/826593815,"","","","","","","","","","","","","",""
http://id.who.int/icd/entity/829058183,Structure of respiratory system,,owl:Class,http://id.who.int/icd/entity/521411479,http://id.who.int/icd/entity/829058183,"","","","","","","","","","","","","",""
http://id.who.int/icd/entity/841397411,Sensation of muscle stiffness,Sensation of tightness or stiffness of muscles.,owl:Class,http://id.who.int/icd/entity/1405368356,http://id.who.int/icd/entity/841397411,"","","","","","","","","","","","","",""
http://id.who.int/icd/entity/848997900,Seeing functions,"Sensory functions relating to sensing the presence of light and sensing the form, size, shape and colour of the visual stimuli.",owl:Class,http://id.who.int/icd/entity/890173921,http://id.who.int/icd/entity/848997900,"","","","","","","","","","","","","",""
http://id.who.int/icd/entity/850289698,"Functions of the digestive, metabolic and endocrine systems","This chapter is about the functions of ingestion, digestion and elimination, as well as functions involved in metabolism and the endocrine glands.",owl:Class,http://id.who.int/icd/entity/567313968,http://id.who.int/icd/entity/850289698,"","","","","","","","","","","","","",""
http://id.who.int/icd/entity/855039967,Sitting,"Getting into and out of a seated position and changing body position from sitting down to any other position, such as standing up or lying down.",owl:Class,http://id.who.int/icd/entity/150502901,http://id.who.int/icd/entity/855039967,"","","","","","","","","","","","","",""
http://id.who.int/icd/entity/859818654,"Penis, testes and scrotum development","Functions associated with development of penis, testes and scrotum.",owl:Class,http://id.who.int/icd/entity/1104062484,http://id.who.int/icd/entity/859818654,http://snomed.info/id/84100007|http://snomed.info/id/84100007|http://snomed.info/id/84100007|http://snomed.info/id/84100007,"Clinical interview|History taking|History taking, health|Taking health history","","","","","","","","","","","",""
http://id.who.int/icd/entity/862003070,Bones of cranium,,owl:Class,http://id.who.int/icd/entity/436620656,http://id.who.int/icd/entity/862003070,http://purl.obolibrary.org/obo/HP_0000276,Long face,"","","","","","","","","","","",""
http://id.who.int/icd/entity/862066979,Weight maintenance functions,"Functions of maintaining appropriate body weight, including weight gain during the developmental period.",owl:Class,http://id.who.int/icd/entity/1976873960,http://id.who.int/icd/entity/862066979,http://snomed.info/id/5880005|http://snomed.info/id/5880005|http://snomed.info/id/5880005|http://snomed.info/id/5880005|http://snomed.info/id/5880005,Clinical examination|Examination of patient|PE - Physical examination|Physical examination|Physical examination procedure,"","","","","","","","","","","",""
http://id.who.int/icd/entity/870135798,Lungs,,owl:Class,http://id.who.int/icd/entity/829058183,http://id.who.int/icd/entity/870135798,http://purl.obolibrary.org/obo/HP_0002643|http://purl.obolibrary.org/obo/HP_0002878|http://purl.obolibrary.org/obo/HP_0002882|http://purl.obolibrary.org/obo/HP_0004885|http://purl.obolibrary.org/obo/HP_0004887|http://purl.obolibrary.org/obo/HP_0004889|http://purl.obolibrary.org/obo/HP_0005949|http://purl.obolibrary.org/obo/HP_0032341,Neonatal respiratory distress|Respiratory failure|Sudden episodic apnea|Episodic respiratory distress|Respiratory failure requiring assisted ventilation|Intermittent episodes of respiratory insufficiency due to muscle weakness|Apneic episodes in infancy|Reduced forced vital capacity,"","","","","","",http://id.who.int/icd/entity/1470583183|http://id.who.int/icd/entity/446199613,Functions of breathing through the mouth|Respiration functions,"","","",""
http://id.who.int/icd/entity/871682135,Preparing meals,"Planning, organizing, cooking and serving simple and complex meals for oneself and others, such as by making a menu, selecting edible food and drink, getting together ingredients for preparing meals, cooking with heat and preparing cold foods and drinks, and serving the food.",owl:Class,http://id.who.int/icd/entity/1452836727,http://id.who.int/icd/entity/871682135,"","","","","","","","","","","","","",""
http://id.who.int/icd/entity/882590883,Global mental functions,,owl:Class,http://id.who.int/icd/entity/1363559646,http://id.who.int/icd/entity/882590883,"","","","","","","","","","","","","",""
http://id.who.int/icd/entity/890173921,Seeing and related functions,,owl:Class,http://id.who.int/icd/entity/1916167881,http://id.who.int/icd/entity/890173921,"","","","","","","","","","","","","",""
http://id.who.int/icd/entity/893697482,Generalized pain,"Sensation of unpleasant feeling indicating potential or actual damage to some body structure felt all over, or throughout the body.",owl:Class,http://id.who.int/icd/entity/894218497,http://id.who.int/icd/entity/893697482,http://snomed.info/id/84100007|http://snomed.info/id/84100007|http://snomed.info/id/84100007|http://snomed.info/id/84100007,"Clinical interview|History taking|History taking, health|Taking health history","","","","","","","","","","","",""
http://id.who.int/icd/entity/894218497,Sensation of pain,Sensation of unpleasant feeling indicating potential or actual damage to some body structure.,owl:Class,http://id.who.int/icd/entity/203515404,http://id.who.int/icd/entity/894218497,"","","","","","","","","","","","","",""
http://id.who.int/icd/entity/902262669,"Extra-articular ligaments, fasciae, extramuscular aponeuroses, retinacula, septa, bursae, unspecified",,owl:Class,http://id.who.int/icd/entity/1438965984,http://id.who.int/icd/entity/902262669,http://purl.obolibrary.org/obo/HP_0000767|http://purl.obolibrary.org/obo/HP_0000768|http://purl.obolibrary.org/obo/HP_0000774|http://purl.obolibrary.org/obo/HP_0000886|http://purl.obolibrary.org/obo/HP_0000886|http://purl.obolibrary.org/obo/HP_6000327,Pectus excavatum|Pectus carinatum|Narrow chest|Deformed rib cage|Deformed rib cage |Thoracic cage flatness,"","","","","","","","","","","",""
http://id.who.int/icd/entity/909196092,Communicating - producing,,owl:Class,http://id.who.int/icd/entity/1828012543,http://id.who.int/icd/entity/909196092,"","","","","","","","","","","","","",""
http://id.who.int/icd/entity/919003335,Crawling,"Moving the whole body in a prone position from one place to another on hands, or hands and arms, and knees.",owl:Class,http://id.who.int/icd/entity/712447084,http://id.who.int/icd/entity/919003335,http://snomed.info/id/84100007|http://snomed.info/id/84100007|http://snomed.info/id/84100007|http://snomed.info/id/84100007,"Clinical interview|History taking|History taking, health|Taking health history","","","","","","","","","","","",""
http://id.who.int/icd/entity/923782542,Swallowing,"Functions of clearing substances, such as food, drink and saliva through the oral cavity, pharynx and oesophagus into the stomach at an appropriate rate and speed.",owl:Class,http://id.who.int/icd/entity/363211474,http://id.who.int/icd/entity/923782542,"","","","","","","","","","",http://id.who.int/icd/entity/1328675264|http://id.who.int/icd/entity/553784299,Eating|Drinking,"",""
http://id.who.int/icd/entity/925451085,Endocrine gland functions,"Functions of production and regulation of hormonal levels in the body, including cyclical changes.",owl:Class,http://id.who.int/icd/entity/552193364,http://id.who.int/icd/entity/925451085,"","","","","","","","","","","","","",""
http://id.who.int/icd/entity/933576740,Structure of ankle and foot,,owl:Class,http://id.who.int/icd/entity/1929433903,http://id.who.int/icd/entity/933576740,"","","","","","","","","","","","","",""
http://id.who.int/icd/entity/982325691,Interpersonal interactions and relationships,"This chapter is about carrying out the actions and tasks required for basic and complex interactions with people (strangers, friends, relatives, family members and lovers) in a contextually and socially appropriate manner.",owl:Class,http://purl.obolibrary.org/obo/PROMOT_0120002,http://id.who.int/icd/entity/982325691,"","","","","","","","","","","","","",""
http://purl.obolibrary.org/obo/PROMOT_0000001,CMS related mutation,A sequence alteration that is causal germline mutation in Congenital Myasthenic Syndrom.,owl:Class,http://purl.obolibrary.org/obo/SO_0001060,http://purl.obolibrary.org/obo/PROMOT_0000001,"","","","","","","","","","","","","",""
http://purl.obolibrary.org/obo/PROMOT_0000002,CMYO related mutation,A sequence alteration that is causal germline mutation in Congenital Myopathy.,owl:Class,http://purl.obolibrary.org/obo/SO_0001060,http://purl.obolibrary.org/obo/PROMOT_0000002,"","","","","","","","","","","","","",""
http://purl.obolibrary.org/obo/PROMOT_0000003,OPMD related mutation,A sequence alteration that is causal germline mutation in Oculopharyngeal Muscular Dystrophy.,owl:Class,http://purl.obolibrary.org/obo/SO_0001060,http://purl.obolibrary.org/obo/PROMOT_0000003,"","","","","","","","","","","","","",""
http://purl.obolibrary.org/obo/PROMOT_0000004,CHRNE variant,A sequence alteration located within the CHRNE gene.,owl:Class,http://purl.obolibrary.org/obo/PROMOT_0000001,http://purl.obolibrary.org/obo/PROMOT_0000004,"","","","","","","","","","","","","",""
http://purl.obolibrary.org/obo/PROMOT_0000005,COLQ variant,A sequence alteration located within the COLQ gene.,owl:Class,http://purl.obolibrary.org/obo/PROMOT_0000001,http://purl.obolibrary.org/obo/PROMOT_0000005,"","","","","","","","","","","","","",""
http://purl.obolibrary.org/obo/PROMOT_0000006,DOK7 variant,A sequence alteration located within the DOK7 gene.,owl:Class,http://purl.obolibrary.org/obo/PROMOT_0000001,http://purl.obolibrary.org/obo/PROMOT_0000006,"","","","","","","","","","","","","",""
http://purl.obolibrary.org/obo/PROMOT_0000007,GFPT1 variant,A sequence alteration located within the GFPT1 gene.,owl:Class,http://purl.obolibrary.org/obo/PROMOT_0000001,http://purl.obolibrary.org/obo/PROMOT_0000007,"","","","","","","","","","","","","",""
http://purl.obolibrary.org/obo/PROMOT_0000008,GMPPB variant,A sequence alteration located within the GMPPB gene.,owl:Class,http://purl.obolibrary.org/obo/PROMOT_0000001,http://purl.obolibrary.org/obo/PROMOT_0000008,"","","","","","","","","","","","","",""
http://purl.obolibrary.org/obo/PROMOT_0000009,RAPSN variant,A sequence alteration located within the RAPSN gene.,owl:Class,http://purl.obolibrary.org/obo/PROMOT_0000001,http://purl.obolibrary.org/obo/PROMOT_0000009,"","","","","","","","","","","","","",""
http://purl.obolibrary.org/obo/PROMOT_0000010,ACTA1 variant,A sequence alteration located within the ACTA1 gene.,owl:Class,http://purl.obolibrary.org/obo/PROMOT_0000002,http://purl.obolibrary.org/obo/PROMOT_0000010,"","","","","","","","","","","","","",""
http://purl.obolibrary.org/obo/PROMOT_0000011,MTM1 variant,A sequence alteration located within the MTM1 gene.,owl:Class,http://purl.obolibrary.org/obo/PROMOT_0000002,http://purl.obolibrary.org/obo/PROMOT_0000011,"","","","","","","","","","","","","",""
http://purl.obolibrary.org/obo/PROMOT_0000012,NEB variant,A sequence alteration located within the NEB gene.,owl:Class,http://purl.obolibrary.org/obo/PROMOT_0000002,http://purl.obolibrary.org/obo/PROMOT_0000012,"","","","","","","","","","","","","",""
http://purl.obolibrary.org/obo/PROMOT_0000013,RYR1 variant,A sequence alteration located within the RYR1 gene.,owl:Class,http://purl.obolibrary.org/obo/PROMOT_0000002,http://purl.obolibrary.org/obo/PROMOT_0000013,"","","","","","","","","","","","","",""
http://purl.obolibrary.org/obo/PROMOT_0000014,SELENON variant,A sequence alteration located within the SELENON gene.,owl:Class,http://purl.obolibrary.org/obo/PROMOT_0000002,http://purl.obolibrary.org/obo/PROMOT_0000014,"","","","","","","","","","","","","",""
http://purl.obolibrary.org/obo/PROMOT_0000015,TTN variant,A sequence alteration located within the TTN gene.,owl:Class,http://purl.obolibrary.org/obo/PROMOT_0000002,http://purl.obolibrary.org/obo/PROMOT_0000015,"","","","","","","","","","","","","",""
http://purl.obolibrary.org/obo/PROMOT_0000016,PABPN1 variant,A sequence alteration located within the PABPN1 gene.,owl:Class,http://purl.obolibrary.org/obo/PROMOT_0000003,http://purl.obolibrary.org/obo/PROMOT_0000016,"","","","","","","","","","","","","",""
http://purl.obolibrary.org/obo/PROMOT_0010001,age content entity,an information content entity where the information is an age.,owl:Class,http://purl.obolibrary.org/obo/IAO_0000030,http://purl.obolibrary.org/obo/PROMOT_0010001,"","","","","","","","","","","","","",""
http://purl.obolibrary.org/obo/PROMOT_0010003,decimal content entity,an information content entity where the information is a decimal.,owl:Class,http://purl.obolibrary.org/obo/IAO_0000030,http://purl.obolibrary.org/obo/PROMOT_0010003,"","","","","","","","","","","","","",""
http://purl.obolibrary.org/obo/PROMOT_0010004,duration content entity,an information content entity where the information is a duration.,owl:Class,http://purl.obolibrary.org/obo/IAO_0000030,http://purl.obolibrary.org/obo/PROMOT_0010004,"","","","","","","","","","","","","",""
http://purl.obolibrary.org/obo/PROMOT_0010005,int content entity,an information content entity where the information is an int.,owl:Class,http://purl.obolibrary.org/obo/IAO_0000030,http://purl.obolibrary.org/obo/PROMOT_0010005,"","","","","","","","","","","","","",""
http://purl.obolibrary.org/obo/PROMOT_0010006,token content entity,an information content entity where the information is a token.,owl:Class,http://purl.obolibrary.org/obo/IAO_0000030,http://purl.obolibrary.org/obo/PROMOT_0010006,"","","","","","","","","","","","","",""
http://purl.obolibrary.org/obo/PROMOT_0010007,year content entity,an information content entity where the information is a year.,owl:Class,http://purl.obolibrary.org/obo/IAO_0000030,http://purl.obolibrary.org/obo/PROMOT_0010007,"","","","","","","","","","","","","",""
http://purl.obolibrary.org/obo/PROMOT_0010008,statement about a consent,A statement regarding a consent to describe it.,owl:Class,http://purl.obolibrary.org/obo/NCIT_C49154,http://purl.obolibrary.org/obo/PROMOT_0010008,"","","","","","","","","","","","","",""
http://purl.obolibrary.org/obo/PROMOT_0010009,statement about a human,A statement that describes a human.,owl:Class,http://purl.obolibrary.org/obo/NCIT_C49154,http://purl.obolibrary.org/obo/PROMOT_0010009,"","","","","","","","","","","","","",""
http://purl.obolibrary.org/obo/PROMOT_0010010,statement about a phenotype,A statement regarding a phenotype to state details about it.,owl:Class,http://purl.obolibrary.org/obo/NCIT_C49154,http://purl.obolibrary.org/obo/PROMOT_0010010,"","","","","","","","","","","","","",""
http://purl.obolibrary.org/obo/PROMOT_0010011,statement about a procedure,A statement regarding a procedure to describe it.,owl:Class,http://purl.obolibrary.org/obo/NCIT_C49154,http://purl.obolibrary.org/obo/PROMOT_0010011,"","","","","","","","","","","","","",""
http://purl.obolibrary.org/obo/PROMOT_0010012,statement about a patient,A statement regarding a patient to state details about them.,owl:Class,http://purl.obolibrary.org/obo/PROMOT_0010009,http://purl.obolibrary.org/obo/PROMOT_0010012,"","","","","","","","","","","","","",""
http://purl.obolibrary.org/obo/PROMOT_0010013,Year of assessment,"The year of the assessment of an entity, e.g. the year when a phenotype is assessed by medical evidence.",owl:Class,http://purl.obolibrary.org/obo/NCIT_C25164,http://purl.obolibrary.org/obo/PROMOT_0010013,"","","","","","","","","","","","","",""
http://purl.obolibrary.org/obo/PROMOT_0010014,Year of resolution,"The year of the resolution of an abnormal disposition, e.g. the year when a phenotype ceases existing.",owl:Class,http://purl.obolibrary.org/obo/NCIT_C25164,http://purl.obolibrary.org/obo/PROMOT_0010014,"","","","","","","","","","","","","",""
http://purl.obolibrary.org/obo/PROMOT_0010015,Adulthood,Age category including people of 16 years old and above.,owl:Class,http://purl.obolibrary.org/obo/NCIT_C20587,http://purl.obolibrary.org/obo/PROMOT_0010015,"","","","","","","","","","","","","",""
http://purl.obolibrary.org/obo/PROMOT_0010016,Late adulthood,Age category including people of 60 years old and above.,owl:Class,http://purl.obolibrary.org/obo/PROMOT_0010015,http://purl.obolibrary.org/obo/PROMOT_0010016,"","","","","","","","","","","","","",""
http://purl.obolibrary.org/obo/PROMOT_0010017,Middle adulthood,Age category including people between 40 and 59 years old (inclusive).,owl:Class,http://purl.obolibrary.org/obo/PROMOT_0010015,http://purl.obolibrary.org/obo/PROMOT_0010017,"","","","","","","","","","","","","",""
http://purl.obolibrary.org/obo/PROMOT_0010018,Young adulthood,Age category including people between 16 and 39 years old (inclusive).,owl:Class,http://purl.obolibrary.org/obo/PROMOT_0010015,http://purl.obolibrary.org/obo/PROMOT_0010018,"","","","","","","","","","","","","",""
http://purl.obolibrary.org/obo/PROMOT_0010019,Early young adulthood,Age category including people between 16 and 18 years old (inclusive).,owl:Class,http://purl.obolibrary.org/obo/PROMOT_0010018,http://purl.obolibrary.org/obo/PROMOT_0010019,"","","","","","","","","","","","","",""
http://purl.obolibrary.org/obo/PROMOT_0010020,Intermediate young adulthood,Age category including people between 19 and 24 years old (inclusive).,owl:Class,http://purl.obolibrary.org/obo/PROMOT_0010018,http://purl.obolibrary.org/obo/PROMOT_0010020,"","","","","","","","","","","","","",""
http://purl.obolibrary.org/obo/PROMOT_0010021,Late young adulthood,Age category including people between 25 and 39 years old (inclusive).,owl:Class,http://purl.obolibrary.org/obo/PROMOT_0010018,http://purl.obolibrary.org/obo/PROMOT_0010021,"","","","","","","","","","","","","",""
http://purl.obolibrary.org/obo/PROMOT_0010022,Antenatal age,Age category prior to birth.,owl:Class,http://purl.obolibrary.org/obo/NCIT_C20587,http://purl.obolibrary.org/obo/PROMOT_0010022,"","","","","","","","","","","","","",""
http://purl.obolibrary.org/obo/PROMOT_0010023,Embryonal,"Age category up to 8 weeks following fertilization, corresponding to 10 weeks of gestation (inclusive).",owl:Class,http://purl.obolibrary.org/obo/PROMOT_0010022,http://purl.obolibrary.org/obo/PROMOT_0010023,"","","","","","","","","","","","","",""
http://purl.obolibrary.org/obo/PROMOT_0010024,Fetal,Age prior to birth but after 8 weeks of embryonic development (corresponding to a gestational age of 10 weeks).,owl:Class,http://purl.obolibrary.org/obo/PROMOT_0010022,http://purl.obolibrary.org/obo/PROMOT_0010024,"","","","","","","","","","","","","",""
http://purl.obolibrary.org/obo/PROMOT_0010025,Late first trimester,"Category prior to birth in the first trimester during the early fetal period, which is defined as 11 to 13 weeks of gestation (inclusive).",owl:Class,http://purl.obolibrary.org/obo/PROMOT_0010024,http://purl.obolibrary.org/obo/PROMOT_0010025,"","","","","","","","","","","","","",""
http://purl.obolibrary.org/obo/PROMOT_0010026,Second trimester,"Category prior to birth during the second trimester, which comprises the range of gestational ages from 14 to 27 weeks of gestation (inclusive).",owl:Class,http://purl.obolibrary.org/obo/PROMOT_0010024,http://purl.obolibrary.org/obo/PROMOT_0010026,"","","","","","","","","","","","","",""
http://purl.obolibrary.org/obo/PROMOT_0010027,Third trimester,"Category prior to birth during the third trimester, which is defined as 28 weeks and zero days (28+0) of gestation and beyond.",owl:Class,http://purl.obolibrary.org/obo/PROMOT_0010024,http://purl.obolibrary.org/obo/PROMOT_0010027,"","","","","","","","","","","","","",""
http://purl.obolibrary.org/obo/PROMOT_0010029,Neonatal age,Age within the first 28 days of life.,owl:Class,http://purl.obolibrary.org/obo/NCIT_C20587,http://purl.obolibrary.org/obo/PROMOT_0010029,"","","","","","","","","","","","","",""
http://purl.obolibrary.org/obo/PROMOT_0010030,Pediatric age,"Age category before adulthood, defined here as before the age of 16 years, but excluding neonatal or congenital onset. It includes people from the age of 28 days to 15 years old (included).",owl:Class,http://purl.obolibrary.org/obo/NCIT_C20587,http://purl.obolibrary.org/obo/PROMOT_0010030,"","","","","","","","","","","","","",""
http://purl.obolibrary.org/obo/PROMOT_0010031,Childhood,Age category including people from 1 to 4 years old (inclusive).,owl:Class,http://purl.obolibrary.org/obo/PROMOT_0010030,http://purl.obolibrary.org/obo/PROMOT_0010031,"","","","","","","","","","","","","",""
http://purl.obolibrary.org/obo/PROMOT_0010032,Infantile age,Age category including people from 28 days to under 1 year old.,owl:Class,http://purl.obolibrary.org/obo/PROMOT_0010030,http://purl.obolibrary.org/obo/PROMOT_0010032,"","","","","","","","","","","","","",""
http://purl.obolibrary.org/obo/PROMOT_0010033,Juvenile age,Age category including people between 5 and 15 years old (inclusive).,owl:Class,http://purl.obolibrary.org/obo/PROMOT_0010030,http://purl.obolibrary.org/obo/PROMOT_0010033,"","","","","","","","","","","","","",""
http://purl.obolibrary.org/obo/PROMOT_0010034,Perimenopausal age,"Age category including people undergoing perimenopause, i.e. the period of life shortly before the occurence of the menopause.",owl:Class,http://purl.obolibrary.org/obo/NCIT_C20587,http://purl.obolibrary.org/obo/PROMOT_0010034,"","","","","","","","","","","","","",""
http://purl.obolibrary.org/obo/PROMOT_0010035,Postmenopausal age,"Age category including people undergoing postmenopause, i.e. the period of life after the occurrence of the menopause.",owl:Class,http://purl.obolibrary.org/obo/NCIT_C20587,http://purl.obolibrary.org/obo/PROMOT_0010035,"","","","","","","","","","","","","",""
http://purl.obolibrary.org/obo/PROMOT_0010036,Puerpural age,Age category including ages refering to childbirth or period after immediately following.,owl:Class,http://purl.obolibrary.org/obo/NCIT_C20587,http://purl.obolibrary.org/obo/PROMOT_0010036,"","","","","","","","","","","","","",""
http://purl.obolibrary.org/obo/PROMOT_0010037,Patient sex at birth unknown,Physical sexual characteristics at birth that are unknown.,owl:Class,http://purl.obolibrary.org/obo/NCIT_C124436,http://purl.obolibrary.org/obo/PROMOT_0010037,"","","","","","","","","","","","","",""
http://purl.obolibrary.org/obo/PROMOT_0010038,Sex at birth not recorded,Physical sexual characteristics at birth that are not recorded.,owl:Class,http://purl.obolibrary.org/obo/PROMOT_0010037,http://purl.obolibrary.org/obo/PROMOT_0010038,"","","","","","","","","","","","","",""
http://purl.obolibrary.org/obo/PROMOT_0010039,Gender identity unknown,Gender identity of a person that is unknown.,owl:Class,http://purl.obolibrary.org/obo/NCIT_C158277,http://purl.obolibrary.org/obo/PROMOT_0010039,"","","","","","","","","","","","","",""
http://purl.obolibrary.org/obo/PROMOT_0010040,Gender identity not recorded,Gender identity of a person that is unknown because unrecorded.,owl:Class,http://purl.obolibrary.org/obo/PROMOT_0010039,http://purl.obolibrary.org/obo/PROMOT_0010040,"","","","","","","","","","","","","",""
http://purl.obolibrary.org/obo/PROMOT_0010041,Consent status,A status of the consent of a person.,owl:Class,http://snomed.info/id/363787002,http://purl.obolibrary.org/obo/PROMOT_0010041,"","","","","","","","","","","","","",""
http://purl.obolibrary.org/obo/PROMOT_0010042,Pending,A status of a consent that is waiting to be defined.,owl:Class,http://purl.obolibrary.org/obo/PROMOT_0010041,http://purl.obolibrary.org/obo/PROMOT_0010042,"","","","","","","","","","","","","",""
http://purl.obolibrary.org/obo/PROMOT_0010043,Proposed,A status of a consent that has been proposed to a person for them to decide.,owl:Class,http://purl.obolibrary.org/obo/PROMOT_0010041,http://purl.obolibrary.org/obo/PROMOT_0010043,"","","","","","","","","","","","","",""
http://purl.obolibrary.org/obo/PROMOT_0010044,Active,A status of a consent that has been given by the concerned person.,owl:Class,http://purl.obolibrary.org/obo/PROMOT_0010041,http://purl.obolibrary.org/obo/PROMOT_0010044,"","","","","","","","","","","","","",""
http://purl.obolibrary.org/obo/PROMOT_0010045,Rejected,A status of a consent that has been rejected by the concerned person.,owl:Class,http://purl.obolibrary.org/obo/PROMOT_0010041,http://purl.obolibrary.org/obo/PROMOT_0010045,"","","","","","","","","","","","","",""
http://purl.obolibrary.org/obo/PROMOT_0010046,Inactive,A status of a consent that is inactive.,owl:Class,http://purl.obolibrary.org/obo/PROMOT_0010041,http://purl.obolibrary.org/obo/PROMOT_0010046,"","","","","","","","","","","","","",""
http://purl.obolibrary.org/obo/PROMOT_0010047,Entered in Error,A status of a consent that has been entered by error.,owl:Class,http://purl.obolibrary.org/obo/PROMOT_0010041,http://purl.obolibrary.org/obo/PROMOT_0010047,"","","","","","","","","","","","","",""
http://purl.obolibrary.org/obo/PROMOT_0010048,Consent type,The type of consent given by a person that precises the details of what is consented.,owl:Class,http://snomed.info/id/363787002,http://purl.obolibrary.org/obo/PROMOT_0010048,"","","","","","","","","","","","","",""
http://purl.obolibrary.org/obo/PROMOT_0010049,Agreement to be contacted for research purpose,An agreement given by a patient to be contacted by research teams for research purposes.,owl:Class,http://purl.obolibrary.org/obo/PROMOT_0010048,http://purl.obolibrary.org/obo/PROMOT_0010049,"","","","","","","","","","","","","",""
http://purl.obolibrary.org/obo/PROMOT_0010050,Consent to the reuse of data,A consent given by a person to the reuse of their data.,owl:Class,http://purl.obolibrary.org/obo/PROMOT_0010048,http://purl.obolibrary.org/obo/PROMOT_0010050,"","","","","","","","","","","","","",""
http://purl.obolibrary.org/obo/PROMOT_0010051,Unrecorded handedness,An handedness that is unrecorded.,owl:Class,http://snomed.info/id/709880000,http://purl.obolibrary.org/obo/PROMOT_0010051,"","","","","","","","","","","","","",""
http://purl.obolibrary.org/obo/PROMOT_0010052,Risk of fall assessed,A risk of fall assessed for a patient that has phenotypes that allow to assess they undergo a risk of fall.,owl:Class,http://snomed.info/id/363787002,http://purl.obolibrary.org/obo/PROMOT_0010052,"","","","","","","","","","","","","",""
http://purl.obolibrary.org/obo/PROMOT_0020001,Phenotypically related body structure,A body structure related to a phenotype such that the body structure is the location of the phenotype.,owl:Class,http://id.who.int/icd/entity/1626363729,http://purl.obolibrary.org/obo/PROMOT_0020001,http://purl.obolibrary.org/obo/HP_0000118,Phenotypic abnormality,"","","","","","","","","","","",""
http://purl.obolibrary.org/obo/PROMOT_0020002,Phenotypically related anatomical entity,"An anatomical entity related to a phenotype such that the anatomical entity is the location of the phenotype. In other words, the phenotype is a disposition of the anatomical entity.",owl:Class,http://purl.org/sig/ont/fma/fma62955,http://purl.obolibrary.org/obo/PROMOT_0020002,http://purl.obolibrary.org/obo/HP_0000118,Phenotypic abnormality,"","","","","","","","","","","",""
http://purl.obolibrary.org/obo/PROMOT_0020003,Body structure related anatomical entity,An anatomical entity that is located in a body structure.,owl:Class,http://purl.org/sig/ont/fma/fma62955,http://purl.obolibrary.org/obo/PROMOT_0020003,"","","","","","","","","","","","",http://id.who.int/icd/entity/1626363729,Body structures
http://purl.obolibrary.org/obo/PROMOT_0020004,Body function related anatomical entity,An anatomical entity that is involved in a body function.,owl:Class,http://purl.org/sig/ont/fma/fma62955,http://purl.obolibrary.org/obo/PROMOT_0020004,"","","","","","","","",http://id.who.int/icd/entity/567313968,Body functions,"","","",""
http://purl.obolibrary.org/obo/PROMOT_0031001,unkown vital status,A vital status that is unkown.,owl:Class,http://purl.obolibrary.org/obo/NCIT_C25717,http://purl.obolibrary.org/obo/PROMOT_0031001,"","","","","","","","","","","","","",""
http://purl.obolibrary.org/obo/PROMOT_0031002,unrecorded vital status,A vital status that is unkown because unrecorded.,owl:Class,http://purl.obolibrary.org/obo/PROMOT_0031001,http://purl.obolibrary.org/obo/PROMOT_0031002,"","","","","","","","","","","","","",""
http://purl.obolibrary.org/obo/PROMOT_0031003,lost in follow-up,A recorded vital status because of the patient being lost in follow up.,owl:Class,http://purl.obolibrary.org/obo/PROMOT_0031002,http://purl.obolibrary.org/obo/PROMOT_0031003,"","","","","","","","","","","","","",""
http://purl.obolibrary.org/obo/PROMOT_0031004,opted-out,A recorded vital status because of the patient being opted out from the study.,owl:Class,http://purl.obolibrary.org/obo/PROMOT_0031002,http://purl.obolibrary.org/obo/PROMOT_0031004,"","","","","","","","","","","","","",""
http://purl.obolibrary.org/obo/PROMOT_0031005,variant origin unknown,A variant origin that is unknown.,owl:Class,http://purl.obolibrary.org/obo/SO_0001762,http://purl.obolibrary.org/obo/PROMOT_0031005,"","","","","","","","","","","","","",""
http://purl.obolibrary.org/obo/PROMOT_0031006,variant origin unrecorded,A variant origin that is unknown because unrecorded.,owl:Class,http://purl.obolibrary.org/obo/PROMOT_0031005,http://purl.obolibrary.org/obo/PROMOT_0031006,"","","","","","","","","","","","","",""
http://purl.obolibrary.org/obo/PROMOT_0031007,presence qualifier,"A qualifier for stating the presence, absence or uncertainty of a entity instance (e.g. a phenotype instance).",owl:Class,http://purl.obolibrary.org/obo/BFO_0000019,http://purl.obolibrary.org/obo/PROMOT_0031007,"","","","","","","","","","","","","",""
http://purl.obolibrary.org/obo/PROMOT_0032001,abnormal disposition,"A disposition that differs from a norm, such as a disease or a phenotypic abnormality.",owl:Class,http://purl.obolibrary.org/obo/BFO_0000016,http://purl.obolibrary.org/obo/PROMOT_0032001,"","","","","","","","","","","","","",""
http://purl.obolibrary.org/obo/PROMOT_0032002,Activity related body function,A body function that is involved in an activity. The boby function is needed in order to fullfill the activity.,owl:Class,http://id.who.int/icd/entity/567313968,http://purl.obolibrary.org/obo/PROMOT_0032002,"","","","","","","","","","",http://purl.obolibrary.org/obo/PROMOT_0110001,Activity,"",""
http://purl.obolibrary.org/obo/PROMOT_0032003,Activity related phenotype,A phenotype that affects an activity.,owl:Class,http://purl.obolibrary.org/obo/HP_0000118,http://purl.obolibrary.org/obo/PROMOT_0032003,"","","","","","","","","","","","","",""
http://purl.obolibrary.org/obo/PROMOT_0032004,Anhedonia while eating,A loss of enjoyment of mealtime due to difficulties while eating.,owl:Class,http://purl.obolibrary.org/obo/HP_0012154,http://purl.obolibrary.org/obo/PROMOT_0032004,"","","","","","","","","","","","","",""
http://purl.obolibrary.org/obo/PROMOT_0032005,Body function related phenotype,A phenotype that affects a body function.,owl:Class,http://purl.obolibrary.org/obo/HP_0000118,http://purl.obolibrary.org/obo/PROMOT_0032005,"","","","","","","","","","","","","",""
http://purl.obolibrary.org/obo/PROMOT_0032006,Choking on foods,Incidents in which a piece of food get stuck in the upper airway and provoke choking.,owl:Class,http://purl.obolibrary.org/obo/HP_0030842,http://purl.obolibrary.org/obo/PROMOT_0032006,"","","","","","","","","","","","","",""
http://purl.obolibrary.org/obo/PROMOT_0032007,Choking on liquids,Incidents in which liquids provoke choking.,owl:Class,http://purl.obolibrary.org/obo/HP_0030842,http://purl.obolibrary.org/obo/PROMOT_0032007,"","","","","","","","","","","","","",""
http://purl.obolibrary.org/obo/PROMOT_0032008,Choking on saliva,Incidents in which saliva provoke choking.,owl:Class,http://purl.obolibrary.org/obo/PROMOT_0032007,http://purl.obolibrary.org/obo/PROMOT_0032008,"","","","","","","","","","","","","",""
http://purl.obolibrary.org/obo/PROMOT_0032009,Coughing on foods,Incidents in which a piece of food get stuck in the upper airway and provoke coughing.,owl:Class,http://purl.obolibrary.org/obo/HP_0030842,http://purl.obolibrary.org/obo/PROMOT_0032009,"","","","","","","","","","","","","",""
http://purl.obolibrary.org/obo/PROMOT_0032010,Coughing on liquids,Incidents in which liquids provoke coughing.,owl:Class,http://purl.obolibrary.org/obo/HP_0030842,http://purl.obolibrary.org/obo/PROMOT_0032010,"","","","","","","","","","","","","",""
http://purl.obolibrary.org/obo/PROMOT_0032011,Coughing on saliva,Incidents in which saliva provoke coughing.,owl:Class,http://purl.obolibrary.org/obo/PROMOT_0032010,http://purl.obolibrary.org/obo/PROMOT_0032011,"","","","","","","","","","","","","",""
http://purl.obolibrary.org/obo/PROMOT_0032012,Decreased walking speed,A walking speed that is below the lower limit of normal according to what is expected.,owl:Class,http://purl.obolibrary.org/obo/HP_0001288,http://purl.obolibrary.org/obo/PROMOT_0032012,"","","","","","","","","","","","","",""
http://purl.obolibrary.org/obo/PROMOT_0032013,Difficulty changing basic position,"A difficulty to change basic position, i.e. a difficulty getting into and out of a body position and moving from one location to another, such as getting up out of a chair to lie down on a bed, and getting into and out of positions of sitting, standing, kneeling or squatting. This is distinct from the difficulty of transferring oneself.",owl:Class,http://purl.obolibrary.org/obo/HP_0100022,http://purl.obolibrary.org/obo/PROMOT_0032013,"","","","","","","","","","","","","",""
http://purl.obolibrary.org/obo/PROMOT_0032014,Difficulty walking short distance,"A difficulty to walk for less than a kilometre, such as walking around rooms or hallways, within a building or for short distances outside. This is distinct from the difficulty of moving around.",owl:Class,http://purl.obolibrary.org/obo/HP_0001288,http://purl.obolibrary.org/obo/PROMOT_0032014,"","","","","","","","","","","","","",""
http://purl.obolibrary.org/obo/PROMOT_0032015,Double compound motor action potential abnormality,Two abnormal findings in a compound motor action potential measurement in EMG.,owl:Class,http://purl.obolibrary.org/obo/HP_0033580,http://purl.obolibrary.org/obo/PROMOT_0032015,"","","","","","","","","","","","","",""
http://purl.obolibrary.org/obo/PROMOT_0032016,Dysphagia for liquid,Difficulty in swallowing liquid food. This is distinct from hydrophobia.,owl:Class,http://purl.obolibrary.org/obo/HP_0002015,http://purl.obolibrary.org/obo/PROMOT_0032016,"","","","","","","","","","","","","",""
http://purl.obolibrary.org/obo/PROMOT_0032017,Dysphagia for solid,Difficulty in swallowing solid food.,owl:Class,http://purl.obolibrary.org/obo/HP_0002015,http://purl.obolibrary.org/obo/PROMOT_0032017,"","","","","","","","","","","","","",""
http://purl.obolibrary.org/obo/PROMOT_0032018,Fatigable ptosis,"A type of ptosis that occurs after the external ocular muscle group is used and lessens if the muscle group has some rest. That is, there is a ptosis apparition with repetitive external ocular muscle actions.",owl:Class,http://purl.obolibrary.org/obo/HP_0000508,http://purl.obolibrary.org/obo/PROMOT_0032018,"","","","","","","","","","","","","",""
http://purl.obolibrary.org/obo/PROMOT_0032019,Fatigable weakness of axial muscles,"A type of weakness of the axial muscles (i.e., of the muscles of the head and neck, vertebral column, and intercostal muscles) that occurs after a muscle group is used and lessens if the muscle group has some rest. That is, there is diminution of the strength of the axial muscles with repetitive muscle actions.",owl:Class,http://purl.obolibrary.org/obo/HP_0030197,http://purl.obolibrary.org/obo/PROMOT_0032019,"","","","","","","","","","","","","",""
http://purl.obolibrary.org/obo/PROMOT_0032020,Fatigable weakness of facial musculature,"A type of weakness of the facial musculature (i.e. one or more muscles innervated by the seventh cranial nerve) that occurs after a muscle group is used and lessens if the muscle group has some rest. That is, there is diminution of the strength of the facial musculature with repetitive muscle actions.",owl:Class,http://purl.obolibrary.org/obo/HP_0003473,http://purl.obolibrary.org/obo/PROMOT_0032020,"","","","","","","","","","","","","",""
http://purl.obolibrary.org/obo/PROMOT_0032021,Fatigable weakness of the ocular muscles,"A type of weakness of the ocular muscles that occurs after a muscle group is used and lessens if the muscle group has some rest. That is, there is diminution of the strength of the ocular muscles with repetitive muscle actions.",owl:Class,http://purl.obolibrary.org/obo/HP_0003473,http://purl.obolibrary.org/obo/PROMOT_0032021,"","","","","","","","","","","","","",""
http://purl.obolibrary.org/obo/PROMOT_0032022,Fatigue while eating,A fatigue that occurs when one is eating. It is due to weakness or fatiguable weakness of chewing muscles.,owl:Class,http://purl.obolibrary.org/obo/HP_0012378,http://purl.obolibrary.org/obo/PROMOT_0032022,"","","","","","","","","","","","","",""
http://purl.obolibrary.org/obo/PROMOT_0032023,Weakness of chewing muscles,A lack of strength in the muscles involved in chewing.,owl:Class,http://purl.obolibrary.org/obo/HP_0001324,http://purl.obolibrary.org/obo/PROMOT_0032023,"","","","","","","","","","","","","",""
http://purl.obolibrary.org/obo/PROMOT_0032024,Endurance of abdominal muscle,Functions related to sustaining contraction of an abdominal muscle for the required period of time.,owl:Class,http://purl.obolibrary.org/obo/PROMOT_0032042,http://purl.obolibrary.org/obo/PROMOT_0032024,"","","","","","","","","","","","","",""
http://purl.obolibrary.org/obo/PROMOT_0032025,Endurance of arm muscle,Functions related to sustaining contraction of an arm muscle for the required period of time.,owl:Class,http://id.who.int/icd/entity/1302007745,http://purl.obolibrary.org/obo/PROMOT_0032025,http://snomed.info/id/12894003,Functional assessment,"","","","","","","","",http://id.who.int/icd/entity/2048203604,Mobility,"",""
http://purl.obolibrary.org/obo/PROMOT_0032026,Endurance of buccinator,Functions related to sustaining buccinator contraction for the required period of time.,owl:Class,http://purl.obolibrary.org/obo/PROMOT_0032030,http://purl.obolibrary.org/obo/PROMOT_0032026,"","","","","","","","","","","","","",""
http://purl.obolibrary.org/obo/PROMOT_0032027,Endurance of diaphragm,Functions related to sustaining diaphragm contraction for the required period of time.,owl:Class,http://purl.obolibrary.org/obo/PROMOT_0032042,http://purl.obolibrary.org/obo/PROMOT_0032027,"","","","","","","","","","","","","",""
http://purl.obolibrary.org/obo/PROMOT_0032028,Endurance of extensor digitorum,Functions related to sustaining muscle contraction of an extensor digitorum for the required period of time.,owl:Class,http://purl.obolibrary.org/obo/PROMOT_0032033,http://purl.obolibrary.org/obo/PROMOT_0032028,"","","","","","","","","","","","","",""
http://purl.obolibrary.org/obo/PROMOT_0032029,Endurance of extra-ocular muscle,Functions related to sustaining contraction of an extra-ocular muscle for the required period of time.,owl:Class,http://purl.obolibrary.org/obo/PROMOT_0032030,http://purl.obolibrary.org/obo/PROMOT_0032029,"","","","","","","","","","","","","",""
http://purl.obolibrary.org/obo/PROMOT_0032030,Endurance of facial muscle,Functions related to sustaining contraction of a facial muscle for the required period of time.,owl:Class,http://id.who.int/icd/entity/1302007745,http://purl.obolibrary.org/obo/PROMOT_0032030,http://snomed.info/id/12894003,Functional assessment,"","","","","","","","",http://id.who.int/icd/entity/1328675264,Eating,"",""
http://purl.obolibrary.org/obo/PROMOT_0032031,Endurance of first dorsal interosseous of hand,Functions related to sustaining muscle contraction of a first dorsal interosseous of hand for the required period of time.,owl:Class,http://purl.obolibrary.org/obo/PROMOT_0032037,http://purl.obolibrary.org/obo/PROMOT_0032031,"","","","","","","","","","","","","",""
http://purl.obolibrary.org/obo/PROMOT_0032032,Endurance of foot muscle,Functions related to sustaining muscle contraction of a foot muscle for the required period of time.,owl:Class,http://id.who.int/icd/entity/1302007745,http://purl.obolibrary.org/obo/PROMOT_0032032,http://snomed.info/id/12894003,Functional assessment,"","","","","","","","",http://id.who.int/icd/entity/2048203604,Mobility,"",""
http://purl.obolibrary.org/obo/PROMOT_0032033,Endurance of forearm muscle,Functions related to sustaining forearm muscle contraction for the required period of time.,owl:Class,http://id.who.int/icd/entity/1302007745,http://purl.obolibrary.org/obo/PROMOT_0032033,http://snomed.info/id/12894003,Functional assessment,"","","","","","","","",http://id.who.int/icd/entity/2048203604,Mobility,"",""
http://purl.obolibrary.org/obo/PROMOT_0032034,Endurance of hand muscle,Functions related to sustaining muscle contraction of a hand muscle for the required period of time.,owl:Class,http://id.who.int/icd/entity/1302007745,http://purl.obolibrary.org/obo/PROMOT_0032034,http://snomed.info/id/12894003,Functional assessment,"","","","","","","","",http://id.who.int/icd/entity/2048203604,Mobility,"",""
http://purl.obolibrary.org/obo/PROMOT_0032035,Endurance of intercostal muscle,Functions related to sustaining contraction of an intercostal muscle for the required period of time.,owl:Class,http://purl.obolibrary.org/obo/PROMOT_0032042,http://purl.obolibrary.org/obo/PROMOT_0032035,"","","","","","","","","","","","","",""
http://purl.obolibrary.org/obo/PROMOT_0032036,Endurance of a set of intercostal muscles,Functions related to sustaining contraction of a group of intercostal muscles for the required period of time.,owl:Class,http://id.who.int/icd/entity/1521707777,http://purl.obolibrary.org/obo/PROMOT_0032036,"","","","","","","","","","","","","",""
http://purl.obolibrary.org/obo/PROMOT_0032037,Endurance of intrinsic muscle of hand,Functions related to sustaining contraction of an intrinsic muscle of hand for the required period of time.,owl:Class,http://purl.obolibrary.org/obo/PROMOT_0032034,http://purl.obolibrary.org/obo/PROMOT_0032037,"","","","","","","","","","","","","",""
http://purl.obolibrary.org/obo/PROMOT_0032038,Endurance of leg muscle,Functions related to sustaining muscle contraction of a leg muscle for the required period of time.,owl:Class,http://id.who.int/icd/entity/1302007745,http://purl.obolibrary.org/obo/PROMOT_0032038,http://snomed.info/id/12894003,Functional assessment,"","","","","","","","",http://id.who.int/icd/entity/2048203604,Mobility,"",""
http://purl.obolibrary.org/obo/PROMOT_0032039,Endurance of masseter,Functions related to sustaining masseter contraction for the required period of time.,owl:Class,http://purl.obolibrary.org/obo/PROMOT_0032030,http://purl.obolibrary.org/obo/PROMOT_0032039,"","","","","","","","","","","","","",""
http://purl.obolibrary.org/obo/PROMOT_0032040,Endurance of a set of masticatory muscles,Functions related to sustaining contraction of a group of masticatory muscles for the required period of time.,owl:Class,http://id.who.int/icd/entity/1521707777,http://purl.obolibrary.org/obo/PROMOT_0032040,"","","","","","","","","","",http://id.who.int/icd/entity/1328675264,Eating,"",""
http://purl.obolibrary.org/obo/PROMOT_0032041,Endurance of muscle of pharynx,Functions related to sustaining contraction of a muscle of pharynx for the required period of time.,owl:Class,http://purl.obolibrary.org/obo/PROMOT_0032043,http://purl.obolibrary.org/obo/PROMOT_0032041,"","","","","","","","","","",http://id.who.int/icd/entity/1328675264|http://id.who.int/icd/entity/151046878|http://id.who.int/icd/entity/553784299,Eating|Speaking|Drinking,"",""
http://purl.obolibrary.org/obo/PROMOT_0032042,Endurance of muscle of trunk,Functions related to sustaining contraction of a trunk muscle for the required period of time.,owl:Class,http://id.who.int/icd/entity/1302007745,http://purl.obolibrary.org/obo/PROMOT_0032042,http://snomed.info/id/12894003,Functional assessment,"","","","","","","","",http://id.who.int/icd/entity/2048203604,Mobility,"",""
http://purl.obolibrary.org/obo/PROMOT_0032043,Endurance of neck muscle,Functions related to sustaining muscle contraction of a neck muscle for the required period of time.,owl:Class,http://id.who.int/icd/entity/1302007745,http://purl.obolibrary.org/obo/PROMOT_0032043,http://snomed.info/id/12894003,Functional assessment,"","","","","","","","",http://id.who.int/icd/entity/2048203604,Mobility,"",""
http://purl.obolibrary.org/obo/PROMOT_0032044,Endurance of pelvic gridle muscle,Functions related to sustaining muscle contraction of a pelvic gridle muscle for the required period of time.,owl:Class,http://id.who.int/icd/entity/1302007745,http://purl.obolibrary.org/obo/PROMOT_0032044,http://snomed.info/id/12894003,Functional assessment,"","","","","","","","",http://id.who.int/icd/entity/2048203604,Mobility,"",""
http://purl.obolibrary.org/obo/PROMOT_0032045,Endurance of a set of pharyngeal muscles,Functions related to sustaining muscle contraction of a group of pharyngeal muscles for the required period of time.,owl:Class,http://id.who.int/icd/entity/1521707777,http://purl.obolibrary.org/obo/PROMOT_0032045,"","","","","","","","","","",http://id.who.int/icd/entity/1328675264|http://id.who.int/icd/entity/151046878|http://id.who.int/icd/entity/553784299,Eating|Speaking|Drinking,"",""
http://purl.obolibrary.org/obo/PROMOT_0032046,Endurance of pterygoid muscle,Functions related to sustaining contraction of pterygoid muscle for the required period of time.,owl:Class,http://purl.obolibrary.org/obo/PROMOT_0032030,http://purl.obolibrary.org/obo/PROMOT_0032046,"","","","","","","","","","","","","",""
http://purl.obolibrary.org/obo/PROMOT_0032047,Endurance of quatriceps femoris,Functions related to sustaining contraction of a quatriceps femoris for the required period of time.,owl:Class,http://id.who.int/icd/entity/1302007745,http://purl.obolibrary.org/obo/PROMOT_0032047,http://snomed.info/id/12894003,Functional assessment,"","","","","","","","","","","",""
http://purl.obolibrary.org/obo/PROMOT_0032048,Endurance of rhomboid major,Functions related to sustaining rhomboid major contraction for the required period of time.,owl:Class,http://purl.obolibrary.org/obo/PROMOT_0032051,http://purl.obolibrary.org/obo/PROMOT_0032048,"","","","","","","","","","","","","",""
http://purl.obolibrary.org/obo/PROMOT_0032049,Endurance of rhomboid minor,Functions related to sustaining rhomboid minor contraction for the required period of time.,owl:Class,http://purl.obolibrary.org/obo/PROMOT_0032051,http://purl.obolibrary.org/obo/PROMOT_0032049,"","","","","","","","","","","","","",""
http://purl.obolibrary.org/obo/PROMOT_0032050,Endurance of serratus anterior,Functions related to sustaining serratus anterior contraction for the required period of time.,owl:Class,http://purl.obolibrary.org/obo/PROMOT_0032051,http://purl.obolibrary.org/obo/PROMOT_0032050,"","","","","","","","","","","","","",""
http://purl.obolibrary.org/obo/PROMOT_0032051,Endurance of shoulder muscle,Functions related to sustaining muscle contraction of a shoulder muscle for the required period of time.,owl:Class,http://id.who.int/icd/entity/1302007745,http://purl.obolibrary.org/obo/PROMOT_0032051,http://snomed.info/id/12894003,Functional assessment,"","","","","","","","",http://id.who.int/icd/entity/2048203604,Mobility,"",""
http://purl.obolibrary.org/obo/PROMOT_0032052,Endurance of temporalis,Functions related to sustaining temporalis contraction for the required period of time.,owl:Class,http://id.who.int/icd/entity/1302007745,http://purl.obolibrary.org/obo/PROMOT_0032052,http://snomed.info/id/12894003,Functional assessment,"","","","","","","","",http://id.who.int/icd/entity/1328675264,Eating,"",""
http://purl.obolibrary.org/obo/PROMOT_0032053,Endurance of thenar muscle,Functions related to sustaining contraction of a thenar muscle for the required period of time.,owl:Class,http://purl.obolibrary.org/obo/PROMOT_0032037,http://purl.obolibrary.org/obo/PROMOT_0032053,"","","","","","","","","","","","","",""
http://purl.obolibrary.org/obo/PROMOT_0032054,Endurance of thigh musculature,Functions related to sustaining contraction of the thigh musculature for the required period of time.,owl:Class,http://id.who.int/icd/entity/1521707777,http://purl.obolibrary.org/obo/PROMOT_0032054,"","","","","","","","","","",http://id.who.int/icd/entity/2048203604,Mobility,"",""
http://purl.obolibrary.org/obo/PROMOT_0032055,Endurance of tibialis anterior,Functions related to sustaining muscle contraction of a tibialis anterior for the required period of time.,owl:Class,http://purl.obolibrary.org/obo/PROMOT_0032038,http://purl.obolibrary.org/obo/PROMOT_0032055,"","","","","","","","","","","","","",""
http://purl.obolibrary.org/obo/PROMOT_0032056,Endurance of tibialis posterior,Functions related to sustaining muscle contraction of a tibialis posterior for the required period of time.,owl:Class,http://purl.obolibrary.org/obo/PROMOT_0032038,http://purl.obolibrary.org/obo/PROMOT_0032056,"","","","","","","","","","","","","",""
http://purl.obolibrary.org/obo/PROMOT_0032057,Endurance of tongue muscle,Functions related to sustaining contraction of tongue muscle for the required period of time.,owl:Class,http://purl.obolibrary.org/obo/PROMOT_0032030,http://purl.obolibrary.org/obo/PROMOT_0032057,"","","","","","","","","","","","","",""
http://purl.obolibrary.org/obo/PROMOT_0032058,Endurance of trapezius,Functions related to sustaining trapezius contraction for the required period of time.,owl:Class,http://purl.obolibrary.org/obo/PROMOT_0032051,http://purl.obolibrary.org/obo/PROMOT_0032058,"","","","","","","","","","","","","",""
http://purl.obolibrary.org/obo/PROMOT_0032059,Endurance of triceps brachii,Functions related to sustaining triceps brachii contraction for the required period of time.,owl:Class,http://purl.obolibrary.org/obo/PROMOT_0032025,http://purl.obolibrary.org/obo/PROMOT_0032059,"","","","","","","","","","","","","",""
http://purl.obolibrary.org/obo/PROMOT_0032060,Power of abdominal muscle,Functions related to the force generated by the contraction of an abdominal muscle.,owl:Class,http://purl.obolibrary.org/obo/PROMOT_0032002,http://purl.obolibrary.org/obo/PROMOT_0032060,"","","","","","","","","","",http://id.who.int/icd/entity/2048203604,Mobility,"",""
http://purl.obolibrary.org/obo/PROMOT_0032061,Power of arm muscle,Functions related to the force generated by the contraction of an arm muscle.,owl:Class,http://id.who.int/icd/entity/1789365017,http://purl.obolibrary.org/obo/PROMOT_0032061,"","","","","","","","","","",http://id.who.int/icd/entity/2048203604,Mobility,"",""
http://purl.obolibrary.org/obo/PROMOT_0032062,Power of buccinator,Functions related to the force generated by the contraction of a buccinator.,owl:Class,http://purl.obolibrary.org/obo/PROMOT_0032066,http://purl.obolibrary.org/obo/PROMOT_0032062,"","","","","","","","","","","","","",""
http://purl.obolibrary.org/obo/PROMOT_0032063,Power of diaphragm,Functions related to the force generated by the contraction of the diaphragm.,owl:Class,http://purl.obolibrary.org/obo/PROMOT_0032078,http://purl.obolibrary.org/obo/PROMOT_0032063,"","","","","","","","","","","","","",""
http://purl.obolibrary.org/obo/PROMOT_0032064,Power of extensor digitorum,Functions related to the force generated by the contraction of an extensor digitorum.,owl:Class,http://purl.obolibrary.org/obo/PROMOT_0032069,http://purl.obolibrary.org/obo/PROMOT_0032064,"","","","","","","","","","","","","",""
http://purl.obolibrary.org/obo/PROMOT_0032065,Power of extra-ocular muscle,Functions related to the force generated by the contraction of an extra-ocular muscle.,owl:Class,http://purl.obolibrary.org/obo/PROMOT_0032066,http://purl.obolibrary.org/obo/PROMOT_0032065,"","","","","","","","","","","","","",""
http://purl.obolibrary.org/obo/PROMOT_0032066,Power of facial muscle,Functions related to the force generated by the contraction of a muscle of the face.,owl:Class,http://id.who.int/icd/entity/1789365017,http://purl.obolibrary.org/obo/PROMOT_0032066,"","","","","","","","","","",http://id.who.int/icd/entity/1328675264,Eating,"",""
http://purl.obolibrary.org/obo/PROMOT_0032067,Power of first dorsal interosseous of hand,Functions related to the force generated by the contraction of a first dorsal interosseous of hand.,owl:Class,http://purl.obolibrary.org/obo/PROMOT_0032073,http://purl.obolibrary.org/obo/PROMOT_0032067,"","","","","","","","","","","","","",""
http://purl.obolibrary.org/obo/PROMOT_0032068,Power of foot muscle,Functions related to the force generated by the contraction of a foot muscle.,owl:Class,http://id.who.int/icd/entity/1789365017,http://purl.obolibrary.org/obo/PROMOT_0032068,"","","","","","","","","","",http://id.who.int/icd/entity/2048203604,Mobility,"",""
http://purl.obolibrary.org/obo/PROMOT_0032069,Power of forearm muscle,Functions related to the force generated by the contraction of a forearm muscle.,owl:Class,http://id.who.int/icd/entity/1789365017,http://purl.obolibrary.org/obo/PROMOT_0032069,"","","","","","","","","","",http://id.who.int/icd/entity/2048203604,Mobility,"",""
http://purl.obolibrary.org/obo/PROMOT_0032070,Power of hand muscle,Functions related to the force generated by the contraction of a hand muscle.,owl:Class,http://id.who.int/icd/entity/1789365017,http://purl.obolibrary.org/obo/PROMOT_0032070,"","","","","","","","","","",http://id.who.int/icd/entity/2048203604,Mobility,"",""
http://purl.obolibrary.org/obo/PROMOT_0032071,Power of intercostal muscle,Functions related to the force generated by the contraction of an intercostal muscle.,owl:Class,http://purl.obolibrary.org/obo/PROMOT_0032002,http://purl.obolibrary.org/obo/PROMOT_0032071,"","","","","","","","","","",http://id.who.int/icd/entity/2048203604,Mobility,"",""
http://purl.obolibrary.org/obo/PROMOT_0032072,Power of a set of intercostal muscles,Functions related to the force generated by the contraction of a group of intercostal muscles.,owl:Class,http://id.who.int/icd/entity/1789365017,http://purl.obolibrary.org/obo/PROMOT_0032072,"","","","","","","","","","","","","",""
http://purl.obolibrary.org/obo/PROMOT_0032073,Power of intrinsic muscle of hand,Functions related to the force generated by the contraction of an intrinsic muscle of hand.,owl:Class,http://purl.obolibrary.org/obo/PROMOT_0032070,http://purl.obolibrary.org/obo/PROMOT_0032073,"","","","","","","","","","","","","",""
http://purl.obolibrary.org/obo/PROMOT_0032074,Power of leg muscle,Functions related to the force generated by the contraction of a leg muscle.,owl:Class,http://id.who.int/icd/entity/1789365017,http://purl.obolibrary.org/obo/PROMOT_0032074,"","","","","","","","","","",http://id.who.int/icd/entity/2048203604,Mobility,"",""
http://purl.obolibrary.org/obo/PROMOT_0032075,Power of masseter,Functions related to the force generated by the contraction of a masseter.,owl:Class,http://purl.obolibrary.org/obo/PROMOT_0032066,http://purl.obolibrary.org/obo/PROMOT_0032075,"","","","","","","","","","","","","",""
http://purl.obolibrary.org/obo/PROMOT_0032076,Power of a set of masticatory muscles,Functions related to the force generated by the contraction of a group of masticatory muscles.,owl:Class,http://id.who.int/icd/entity/1789365017,http://purl.obolibrary.org/obo/PROMOT_0032076,"","","","","","","","","","",http://id.who.int/icd/entity/1328675264,Eating,"",""
http://purl.obolibrary.org/obo/PROMOT_0032077,Power of muscle of pharynx,Functions related to the force generated by the contraction of a muscle of pharynx.,owl:Class,http://purl.obolibrary.org/obo/PROMOT_0032079,http://purl.obolibrary.org/obo/PROMOT_0032077,"","","","","","","","","","",http://id.who.int/icd/entity/1328675264|http://id.who.int/icd/entity/151046878|http://id.who.int/icd/entity/553784299,Eating|Speaking|Drinking,"",""
http://purl.obolibrary.org/obo/PROMOT_0032078,Power of muscle of trunk,Functions related to the force generated by the contraction of a trunk muscle.,owl:Class,http://id.who.int/icd/entity/1789365017,http://purl.obolibrary.org/obo/PROMOT_0032078,"","","","","","","","","","","","","",""
http://purl.obolibrary.org/obo/PROMOT_0032079,Power of neck muscle,Functions related to the force generated by the contraction of a neck muscle.,owl:Class,http://id.who.int/icd/entity/1789365017,http://purl.obolibrary.org/obo/PROMOT_0032079,"","","","","","","","","","",http://id.who.int/icd/entity/2048203604,Mobility,"",""
http://purl.obolibrary.org/obo/PROMOT_0032080,Power of pelvic gridle muscle,Functions related to the force generated by the contraction of a pelvic girdle muscle.,owl:Class,http://id.who.int/icd/entity/1789365017,http://purl.obolibrary.org/obo/PROMOT_0032080,"","","","","","","","","","",http://id.who.int/icd/entity/2048203604,Mobility,"",""
http://purl.obolibrary.org/obo/PROMOT_0032081,Power of a set of pharyngeal muscles,Functions related to the force generated by the contraction of a group of pharyngeal muscles.,owl:Class,http://id.who.int/icd/entity/1789365017,http://purl.obolibrary.org/obo/PROMOT_0032081,"","","","","","","","","","",http://id.who.int/icd/entity/1328675264|http://id.who.int/icd/entity/151046878|http://id.who.int/icd/entity/553784299,Eating|Speaking|Drinking,"",""
http://purl.obolibrary.org/obo/PROMOT_0032082,Power of pterygoid muscle,Functions related to the force generated by the contraction of a pterygoid muscle.,owl:Class,http://purl.obolibrary.org/obo/PROMOT_0032066,http://purl.obolibrary.org/obo/PROMOT_0032082,"","","","","","","","","","","","","",""
http://purl.obolibrary.org/obo/PROMOT_0032083,Power of quatriceps femoris,Functions related to the force generated by the contraction of a quadriceps femoris.,owl:Class,http://id.who.int/icd/entity/1789365017,http://purl.obolibrary.org/obo/PROMOT_0032083,"","","","","","","","","","",http://id.who.int/icd/entity/2048203604,Mobility,"",""
http://purl.obolibrary.org/obo/PROMOT_0032084,Power of rhomboid major,Functions related to the force generated by the contraction of a rhomboid major.,owl:Class,http://purl.obolibrary.org/obo/PROMOT_0032087,http://purl.obolibrary.org/obo/PROMOT_0032084,"","","","","","","","","","","","","",""
http://purl.obolibrary.org/obo/PROMOT_0032085,Power of rhomboid minor,Functions related to the force generated by the contraction of a rhomboid minor.,owl:Class,http://purl.obolibrary.org/obo/PROMOT_0032087,http://purl.obolibrary.org/obo/PROMOT_0032085,"","","","","","","","","","","","","",""
http://purl.obolibrary.org/obo/PROMOT_0032086,Power of serratus anterior,Functions related to the force generated by the contraction of a serratus anterior.,owl:Class,http://purl.obolibrary.org/obo/PROMOT_0032087,http://purl.obolibrary.org/obo/PROMOT_0032086,"","","","","","","","","","","","","",""
http://purl.obolibrary.org/obo/PROMOT_0032087,Power of shoulder muscle,Functions related to the force generated by the contraction of a shoulder muscle.,owl:Class,http://id.who.int/icd/entity/1789365017,http://purl.obolibrary.org/obo/PROMOT_0032087,"","","","","","","","","","",http://id.who.int/icd/entity/2048203604,Mobility,"",""
http://purl.obolibrary.org/obo/PROMOT_0032088,Power of temporalis,Functions related to the force generated by the contraction of a temporalis.,owl:Class,http://id.who.int/icd/entity/1789365017,http://purl.obolibrary.org/obo/PROMOT_0032088,"","","","","","","","","","",http://id.who.int/icd/entity/1328675264,Eating,"",""
http://purl.obolibrary.org/obo/PROMOT_0032089,Power of thenar muscle,Functions related to the force generated by the contraction of a thenar muscle.,owl:Class,http://purl.obolibrary.org/obo/PROMOT_0032073,http://purl.obolibrary.org/obo/PROMOT_0032089,"","","","","","","","","","","","","",""
http://purl.obolibrary.org/obo/PROMOT_0032090,Power of thigh musculature,Functions related to the force generated by the contraction of the thigh musculature.,owl:Class,http://id.who.int/icd/entity/1789365017,http://purl.obolibrary.org/obo/PROMOT_0032090,"","","","","","","","","","",http://id.who.int/icd/entity/2048203604,Mobility,"",""
http://purl.obolibrary.org/obo/PROMOT_0032091,Power of tibialis anterior,Functions related to the force generated by the contraction of a tibialis anterior.,owl:Class,http://purl.obolibrary.org/obo/PROMOT_0032074,http://purl.obolibrary.org/obo/PROMOT_0032091,"","","","","","","","","","","","","",""
http://purl.obolibrary.org/obo/PROMOT_0032092,Power of tibialis posterior,Functions related to the force generated by the contraction of a tibialis posterior.,owl:Class,http://purl.obolibrary.org/obo/PROMOT_0032074,http://purl.obolibrary.org/obo/PROMOT_0032092,"","","","","","","","","","","","","",""
http://purl.obolibrary.org/obo/PROMOT_0032093,Power of tongue muscle,Functions related to the force generated by the contraction of the tongue muscle.,owl:Class,http://purl.obolibrary.org/obo/PROMOT_0032066,http://purl.obolibrary.org/obo/PROMOT_0032093,"","","","","","","","","","","","","",""
http://purl.obolibrary.org/obo/PROMOT_0032094,Power of trapezius,Functions related to the force generated by the contraction of a trapezius.,owl:Class,http://purl.obolibrary.org/obo/PROMOT_0032087,http://purl.obolibrary.org/obo/PROMOT_0032094,"","","","","","","","","","","","","",""
http://purl.obolibrary.org/obo/PROMOT_0032095,Power of triceps brachii,Functions related to the force generated by the contraction of a triceps brachii.,owl:Class,http://purl.obolibrary.org/obo/PROMOT_0032061,http://purl.obolibrary.org/obo/PROMOT_0032095,"","","","","","","","","","","","","",""
http://purl.obolibrary.org/obo/PROMOT_0100001,Activity related procedure,A procedure that can measure an activity.,owl:Class,http://snomed.info/id/128927009,http://purl.obolibrary.org/obo/PROMOT_0100001,"","","","","","",http://purl.obolibrary.org/obo/PROMOT_0110001,Activity,"","","","","",""
http://purl.obolibrary.org/obo/PROMOT_0100002,Body function related procedure,A procedure that can measure a body function.,owl:Class,http://snomed.info/id/128927009,http://purl.obolibrary.org/obo/PROMOT_0100002,"","","","",http://id.who.int/icd/entity/567313968,Body functions,"","","","","","","",""
http://purl.obolibrary.org/obo/PROMOT_0100003,Phenotypically related procedure,A procedure that can assess a phenotype.,owl:Class,http://snomed.info/id/128927009,http://purl.obolibrary.org/obo/PROMOT_0100003,"","",http://purl.obolibrary.org/obo/HP_0000118,Phenotypic abnormality,"","","","","","","","","",""
http://purl.obolibrary.org/obo/PROMOT_0110001,Activity,An activity is the execution of a task or action by an individual. Activity limitations are difficulties an individual may have in executing activities.,owl:Class,http://purl.obolibrary.org/obo/BFO_0000015,http://purl.obolibrary.org/obo/PROMOT_0110001,"","","","","","","","","","","","","",""
http://purl.obolibrary.org/obo/PROMOT_0120002,Participation,A participation is an involvement in a life situation. Participation restrictions are problems an individual may experience in involvement in life situations.,owl:Class,http://purl.obolibrary.org/obo/BFO_0000015,http://purl.obolibrary.org/obo/PROMOT_0120002,"","","","","","","","","","","","","",""
